50001,2018-7-15,6.98,7.52,6.92,7.40,501440000,6258310000,5
50002,2018-7-14,6.96,7.09,6.85,6.99,396983000,6238630000,5
50003,2018-7-13,6.91,7.22,6.79,6.96,586718000,6196130000,5
50004,2018-7-12,7.17,7.18,6.65,6.90,597380000,6427140000,5
50005,2018-7-11,7.21,7.41,6.85,7.19,599607000,6461270000,5
50006,2018-7-10,7.75,7.85,7.18,7.21,707110000,6941620000,5
50007,2018-7-9,8.71,8.74,7.70,7.75,707878000,7804520000,5
50008,2018-7-8,9.04,9.14,8.70,8.71,491667000,8099590000,5
50009,2018-7-7,8.67,9.02,8.47,9.02,490261000,7771830000,5
50010,2018-7-6,8.90,8.92,8.30,8.68,604650000,7979010000,5
50011,2018-7-5,8.88,9.15,8.73,8.93,958549000,7961000000,5
50012,2018-7-4,8.85,9.39,8.56,8.89,935387000,7934510000,5
50013,2018-7-3,8.91,9.35,8.77,8.84,1006100000,7983560000,5
50014,2018-7-2,8.14,8.99,7.94,8.89,1024130000,7295590000,5
50015,2018-7-1,8.15,8.22,7.81,8.13,621643000,7300490000,5
50016,2018-6-30,7.74,8.25,7.74,8.13,832538000,6936720000,5
50017,2018-6-29,7.47,7.85,7.18,7.73,802746000,6694680000,5
50018,2018-6-28,8.01,8.05,7.39,7.45,724915000,7179860000,5
50019,2018-6-27,7.48,8.18,7.41,8.01,716036000,6706320000,5
50020,2018-6-26,8.26,8.30,7.49,7.51,629339000,7405460000,5
50021,2018-6-25,8.07,8.51,7.77,8.24,905012000,7233310000,5
50022,2018-6-24,8.46,8.46,7.10,8.09,1397600000,7583000000,5
50023,2018-6-23,8.67,8.79,8.19,8.41,709977000,7769800000,5
50024,2018-6-22,10.42,10.44,8.48,8.66,1258310000,9334830000,5
50025,2018-6-21,10.43,10.80,10.28,10.42,662139000,9345890000,5
50026,2018-6-20,10.73,10.77,10.18,10.42,852287000,9616000000,5
50027,2018-6-19,10.72,10.84,10.50,10.73,715926000,9605830000,5
50028,2018-6-18,10.44,10.83,10.23,10.72,720630000,9358610000,5
50029,2018-6-17,10.63,10.76,10.43,10.44,432121000,9521620000,5
50030,2018-6-16,10.65,10.81,10.35,10.63,680970000,9542290000,5
50031,2018-6-15,11.29,11.29,10.57,10.66,936733000,10118600000,5
50032,2018-6-14,10.17,11.57,9.73,11.30,1409440000,9114450000,5
50033,2018-6-13,10.26,10.34,9.44,10.15,1266410000,9193740000,5
50034,2018-6-12,11.55,11.55,9.96,10.22,1052700000,10347100000,5
50035,2018-6-11,11.31,11.64,10.65,11.59,1570570000,10139700000,5
50036,2018-6-10,14.04,14.04,10.56,11.39,2317140000,12585900000,5
50037,2018-6-9,14.04,14.82,14.04,14.10,1175320000,12579900000,5
50038,2018-6-8,14.57,14.72,13.71,14.04,1105590000,13054200000,5
50039,2018-6-7,13.99,14.59,13.74,14.59,1017480000,12541300000,5
50040,2018-6-6,14.25,14.26,13.48,13.94,1022290000,12773800000,5
50041,2018-6-5,13.58,14.23,12.97,14.20,1445140000,12171700000,5
50042,2018-6-4,14.60,14.82,13.39,13.55,1297160000,13084900000,5
50043,2018-6-3,14.81,15.29,14.29,14.62,1631840000,13269100000,5
50044,2018-6-2,12.29,15.61,12.20,14.74,2884720000,10990500000,5
50045,2018-6-1,12.29,12.40,11.99,12.31,1058150000,10956700000,5
50046,2018-5-31,11.97,12.72,11.95,12.28,1142810000,10653300000,5
50047,2018-5-30,12.18,12.58,11.81,12.01,1269210000,10813300000,5
50048,2018-5-29,11.70,12.49,10.93,12.18,1877300000,10363000000,5
50049,2018-5-28,12.50,12.98,11.59,11.64,1580160000,11043800000,5
50050,2018-5-27,12.29,12.59,12.15,12.51,939929000,10835200000,5
50051,2018-5-26,12.27,12.83,12.00,12.35,1085630000,10791700000,5
50052,2018-5-25,12.81,12.88,11.80,12.29,1624390000,11235300000,5
50053,2018-5-24,10.92,12.96,10.53,12.75,2161890000,9557940000,5
50054,2018-5-23,12.33,12.46,10.76,10.88,1591750000,10763400000,5
50055,2018-5-22,13.52,13.53,12.25,12.27,991159000,11773000000,5
50056,2018-5-21,14.03,14.17,13.26,13.51,1063000000,12187300000,5
50057,2018-5-20,13.17,14.19,13.05,14.01,1228360000,11420300000,5
50058,2018-5-19,13.04,13.35,12.66,13.17,1018750000,11276900000,5
50059,2018-5-18,12.37,13.18,12.08,13.00,1343680000,10676400000,5
50060,2018-5-17,12.87,13.94,12.21,12.43,1644330000,11075900000,5
50061,2018-5-16,12.93,13.17,12.06,12.77,1534140000,11104700000,5
50062,2018-5-15,14.05,14.44,12.65,12.99,1371870000,12031300000,5
50063,2018-5-14,14.93,15.02,13.39,14.02,1702960000,12757300000,5
50064,2018-5-13,14.23,15.26,13.80,14.94,1589950000,12122000000,5
50065,2018-5-12,14.98,15.24,12.59,14.25,3091070000,12733100000,5
50066,2018-5-11,17.46,17.78,14.56,14.90,2919820000,14807300000,5
50067,2018-5-10,17.97,18.73,17.52,17.54,1287810000,15199400000,5
50068,2018-5-9,18.12,18.14,17.28,17.94,1199540000,15271900000,5
50069,2018-5-8,17.98,18.88,17.90,18.14,1449940000,15122600000,5
50070,2018-5-7,17.67,18.40,16.88,17.98,2000850000,14823500000,5
50071,2018-5-6,17.74,17.90,16.86,17.47,1434830000,14847200000,5
50072,2018-5-5,17.14,18.57,17.14,17.80,1614730000,14310400000,5
50073,2018-5-4,17.71,18.06,16.47,17.15,1749310000,14751200000,5
50074,2018-5-3,19.27,19.27,17.18,17.77,2266540000,16009800000,5
50075,2018-5-2,18.93,19.51,18.42,19.21,2410370000,15695000000,5
50076,2018-5-1,17.67,19.08,16.31,18.95,3330130000,14610700000,5
50077,2018-4-30,21.64,21.64,16.86,17.58,4073370000,17849100000,5
50078,2018-4-29,18.88,22.89,18.88,21.54,4870720000,15530900000,5
50079,2018-4-28,16.69,19.51,16.69,18.87,2728300000,13698900000,5
50080,2018-4-27,15.47,17.95,14.99,16.67,2486410000,12669800000,5
50081,2018-4-26,14.43,15.49,14.00,15.49,1566850000,11789900000,5
50082,2018-4-25,15.10,15.54,13.60,14.46,3005040000,12303900000,5
50083,2018-4-24,11.73,16.00,11.73,15.31,3223780000,9530670000,5
50084,2018-4-23,11.33,11.79,11.32,11.61,662116000,9186100000,5
50085,2018-4-22,11.07,11.83,10.81,11.35,1001900000,8955950000,5
50086,2018-4-21,11.58,11.65,10.31,11.11,1142260000,9340280000,5
50087,2018-4-20,9.51,11.57,9.51,11.45,1512340000,7652010000,5
50088,2018-4-19,9.02,9.44,8.96,9.44,554116000,7233090000,5
50089,2018-4-18,8.49,9.15,8.49,9.03,518189000,6792740000,5
50090,2018-4-17,8.13,8.99,8.09,8.51,798768000,6492150000,5
50091,2018-4-16,8.39,8.39,7.84,8.10,455204000,6667990000,5
50092,2018-4-15,8.63,8.63,7.72,8.40,861263000,6845830000,5
50093,2018-4-14,8.75,8.93,8.08,8.60,811487000,6916390000,5
50094,2018-4-13,8.71,9.27,8.53,8.74,936743000,6866660000,5
50095,2018-4-12,8.50,9.05,8.00,8.70,1717360000,6683280000,5
50096,2018-4-11,6.00,8.82,5.99,8.49,1818530000,4706770000,5
50097,2018-4-10,5.88,6.07,5.80,6.00,225494000,4600680000,5
50098,2018-4-9,5.98,6.07,5.80,5.87,226565000,4666280000,5
50099,2018-4-8,5.90,6.01,5.85,5.97,166915000,4587800000,5
50100,2018-4-7,5.88,6.04,5.85,5.91,220028000,4561700000,5
50101,2018-4-6,6.36,6.41,5.76,5.89,451441000,4918340000,5
50102,2018-4-5,5.72,6.46,5.50,6.40,542464000,4419560000,5
50103,2018-4-4,6.11,6.14,5.61,5.73,260820000,4702420000,5
50104,2018-4-3,5.90,6.19,5.82,6.13,306369000,4529740000,5
50105,2018-4-2,5.68,5.96,5.56,5.89,314995000,4348740000,5
50106,2018-4-1,6.00,6.04,5.25,5.66,401303000,4580830000,5
50107,2018-3-31,6.11,6.22,5.96,5.99,224213000,4650950000,5
50108,2018-3-30,6.03,6.20,5.86,6.10,506610000,4576620000,5
50109,2018-3-29,6.31,6.37,5.92,6.02,626903000,4777000000,5
50110,2018-3-28,5.88,6.55,5.82,6.29,616042000,4442050000,5
50111,2018-3-27,5.90,6.44,5.28,5.91,877543000,4447060000,5
50112,2018-3-26,6.53,6.57,5.42,5.90,553672000,4906950000,5
50113,2018-3-25,6.60,6.76,6.49,6.52,274460000,4947110000,5
50114,2018-3-24,6.99,7.12,6.63,6.63,357179000,5218490000,5
50115,2018-3-23,7.02,7.14,6.42,7.01,846830000,5227640000,5
50116,2018-3-22,7.01,7.34,6.32,7.03,1062430000,5202800000,5
50117,2018-3-21,6.07,7.24,5.98,7.03,765790000,4492160000,5
50118,2018-3-20,6.17,6.40,5.45,6.01,667072000,4553120000,5
50119,2018-3-19,4.71,6.36,4.57,6.36,660669000,3468420000,5
50120,2018-3-18,4.65,4.68,3.95,4.65,333501000,3417960000,5
50121,2018-3-17,5.09,5.11,4.61,4.67,140080000,3725280000,5
50122,2018-3-16,5.18,5.32,4.95,5.09,184719000,3785350000,5
50123,2018-3-15,5.35,5.38,4.87,5.17,293299000,3899390000,5
50124,2018-3-14,5.87,5.97,5.25,5.34,210733000,4266070000,5
50125,2018-3-13,5.82,5.98,5.66,5.86,199199000,4213560000,5
50126,2018-3-12,6.15,6.23,5.72,5.83,206551000,4441010000,5
50127,2018-3-11,5.79,6.24,5.61,6.14,271829000,4165570000,5
50128,2018-3-10,6.17,6.50,5.80,5.80,309653000,4434700000,5
50129,2018-3-9,6.20,6.24,5.38,6.13,429201000,4444670000,5
50130,2018-3-8,6.51,6.76,6.12,6.20,299365000,4651410000,5
50131,2018-3-7,7.25,7.37,6.17,6.51,423460000,5162590000,5
50132,2018-3-6,8.00,8.00,7.16,7.25,233026000,5682730000,5
50133,2018-3-5,8.18,8.29,8.05,8.05,183715000,5786710000,5
50134,2018-3-4,8.00,8.18,7.79,8.18,195810000,5638260000,5
50135,2018-3-3,8.11,8.30,7.96,8.00,141850000,5702860000,5
50136,2018-3-2,8.68,8.74,8.03,8.09,211631000,6086740000,5
50137,2018-3-1,8.39,8.63,8.30,8.63,214126000,5859140000,5
50138,2018-2-28,8.53,9.22,8.41,8.41,380053000,5940670000,5
50139,2018-2-27,8.17,8.87,8.03,8.57,330185000,5670740000,5
50140,2018-2-26,7.90,8.44,7.63,8.13,251185000,5472730000,5
50141,2018-2-25,8.18,8.19,7.70,7.90,173549000,5646680000,5
50142,2018-2-24,8.57,8.72,7.95,8.19,241757000,5900520000,5
50143,2018-2-23,8.05,8.77,7.92,8.58,284365000,5523260000,5
50144,2018-2-22,8.74,8.91,7.98,8.09,295638000,5965230000,5
50145,2018-2-21,9.27,9.31,8.53,8.76,298553000,6315770000,5
50146,2018-2-20,9.69,10.01,9.26,9.28,305781000,6586160000,5
50147,2018-2-19,9.37,9.79,9.36,9.68,225362000,6355840000,5
50148,2018-2-18,10.16,10.20,9.23,9.38,353808000,6860990000,5
50149,2018-2-17,10.01,10.18,9.93,10.15,276849000,6746400000,5
50150,2018-2-16,10.15,10.24,9.70,10.02,249798000,6817050000,5
50151,2018-2-15,9.94,10.30,9.77,10.17,392065000,6656240000,5
50152,2018-2-14,9.23,10.02,9.17,9.97,480309000,6160920000,5
50153,2018-2-13,9.18,9.27,8.70,9.21,365436000,6113090000,5
50154,2018-2-12,8.45,9.29,8.45,9.18,353976000,5609460000,5
50155,2018-2-11,9.09,9.09,8.17,8.41,408013000,6007740000,5
50156,2018-2-10,9.61,10.30,8.66,9.10,609066000,6334330000,5
50157,2018-2-9,8.50,9.66,8.16,9.65,507606000,5584730000,5
50158,2018-2-8,7.66,8.59,7.66,8.51,542068000,5019680000,5
50159,2018-2-7,8.35,8.65,7.56,7.61,762884000,5439430000,5
50160,2018-2-6,7.17,8.46,5.85,8.34,1304850000,4659180000,5
50161,2018-2-5,8.68,8.85,6.94,7.06,640159000,5618380000,5
50162,2018-2-4,9.77,10.17,8.45,8.61,588172000,6306870000,5
50163,2018-2-3,9.77,10.39,8.59,9.84,736278000,6290740000,5
50164,2018-2-2,10.17,10.22,7.64,9.79,1534140000,6528440000,5
50165,2018-2-1,12.24,12.40,9.90,10.21,919859000,7826060000,5
50166,2018-1-31,11.46,12.33,10.42,12.20,1008810000,7309740000,5
50167,2018-1-30,14.03,14.03,11.30,11.56,980342000,8918290000,5
50168,2018-1-29,15.03,15.17,13.80,14.01,565307000,9524430000,5
50169,2018-1-28,14.34,15.04,14.34,15.02,646950000,9057850000,5
50170,2018-1-27,14.34,14.63,13.97,14.27,653831000,9027390000,5
50171,2018-1-26,14.28,14.73,13.22,14.34,1444040000,8958130000,5
50172,2018-1-25,13.96,14.93,13.70,14.31,1546860000,8734500000,5
50173,2018-1-24,13.01,13.86,12.63,13.83,1050800000,8112750000,5
50174,2018-1-23,13.57,13.81,11.87,12.97,1614680000,8432510000,5
50175,2018-1-22,13.54,15.18,12.85,13.66,2902200000,8385480000,5
50176,2018-1-21,15.66,15.66,12.39,13.44,2887800000,9666480000,5
50177,2018-1-20,11.25,15.76,11.25,15.52,2777450000,6920580000,5
50178,2018-1-19,10.38,11.77,9.92,11.18,845596000,6365040000,5
50179,2018-1-18,10.20,11.27,9.89,10.51,1266300000,6230180000,5
50180,2018-1-17,10.20,10.57,7.67,10.19,1625250000,6209050000,5
50181,2018-1-16,12.96,13.04,8.60,10.28,1599730000,7857840000,5
50182,2018-1-15,13.42,14.83,12.92,12.94,806381000,8110090000,5
50183,2018-1-14,16.17,16.17,13.31,13.44,1162420000,9718770000,5
50184,2018-1-13,13.92,18.71,13.54,16.23,3379130000,8336870000,5
50185,2018-1-12,11.40,15.34,10.78,13.75,2449370000,6804430000,5
50186,2018-1-11,11.33,12.42,9.31,11.35,1161850000,6741700000,5
50187,2018-1-10,9.33,11.63,8.68,11.34,1211790000,5534140000,5
50188,2018-1-9,9.67,9.76,8.99,9.33,546937000,5711470000,5
50189,2018-1-8,12.51,12.58,8.44,9.69,697175000,7367780000,5
50190,2018-1-7,12.77,13.37,12.09,12.52,781497000,7495320000,5
50191,2018-1-6,10.81,12.58,10.46,12.58,688819000,6324240000,5
50192,2018-1-5,11.23,11.51,10.40,10.84,618755000,6549910000,5
50193,2018-1-4,10.45,11.97,10.29,11.28,1204970000,6076410000,5
50194,2018-1-3,9.32,10.23,8.85,10.23,529459000,5394840000,5
50195,2018-1-2,8.91,9.78,8.91,9.33,552189000,5144580000,5
50196,2018-1-1,8.77,9.11,8.51,8.84,331073000,5041600000,5
50197,2017-12-31,8.51,8.97,8.44,8.77,312308000,4876510000,5
50198,2017-12-30,9.46,9.50,8.35,8.56,499400000,5402020000,5
50199,2017-12-29,9.60,9.87,9.22,9.44,448090000,5459440000,5
50200,2017-12-28,10.54,10.57,8.41,9.57,478886000,5978450000,5
50201,2017-12-27,9.83,10.81,9.79,10.56,530216000,5551810000,5
50202,2017-12-26,9.77,10.10,9.63,9.82,336595000,5497600000,5
50203,2017-12-25,8.20,9.81,7.92,9.77,337893000,4597290000,5
50204,2017-12-24,8.51,8.56,7.26,8.14,192175000,4753620000,5
50205,2017-12-23,7.97,9.48,7.95,8.48,233174000,4437100000,5
50206,2017-12-22,10.66,10.67,6.69,7.84,612398000,5898340000,5
50207,2017-12-21,11.96,13.18,10.08,10.60,349756000,6591520000,5
50208,2017-12-20,12.45,12.60,10.37,11.99,775977000,6840160000,5
50209,2017-12-19,9.24,12.90,9.23,12.38,1688240000,5057770000,5
50210,2017-12-18,8.22,9.39,7.67,9.21,577650000,4478700000,5
50211,2017-12-17,8.60,8.98,8.21,8.22,361464000,4673800000,5
50212,2017-12-16,8.14,9.26,8.13,8.61,540462000,4405780000,5
50213,2017-12-15,8.41,8.41,6.88,8.13,640458000,4531340000,5
50214,2017-12-14,7.24,8.74,7.17,8.40,613600000,3887060000,5
50215,2017-12-13,5.32,7.30,5.05,7.30,663821000,2846320000,5
50216,2017-12-12,4.38,5.73,4.26,5.30,266450000,2331870000,5
50217,2017-12-11,3.77,4.48,3.73,4.36,153155000,2000150000,5
50218,2017-12-10,4.07,4.07,3.55,3.77,98890000,2152680000,5
50219,2017-12-9,4.28,4.68,3.80,4.06,133142000,2254300000,5
50220,2017-12-8,3.99,4.59,3.74,4.29,149508000,2093350000,5
50221,2017-12-7,4.52,4.52,3.56,3.99,183666000,2358120000,5
50222,2017-12-6,4.27,5.10,4.20,4.55,200253000,2219990000,5
50223,2017-12-5,4.06,4.47,3.69,4.24,181418000,2107440000,5
50224,2017-12-4,3.61,4.13,3.50,4.03,163900000,1865930000,5
50225,2017-12-3,3.94,4.12,3.44,3.61,132280000,2026220000,5
50226,2017-12-2,3.24,3.99,3.21,3.92,163479000,1661260000,5
50227,2017-12-1,2.83,3.24,2.73,3.24,74402000,1443760000,5
50228,2017-11-30,2.76,2.99,2.54,2.85,92059600,1401530000,5
50229,2017-11-29,2.79,3.33,2.54,2.71,133125000,1407010000,5
50230,2017-11-28,2.86,3.07,2.75,2.75,98904100,1440200000,5
50231,2017-11-27,2.46,2.94,2.38,2.86,126962000,1229350000,5
50232,2017-11-26,2.05,2.66,1.94,2.46,116846000,1023900000,5
50233,2017-11-25,1.88,2.06,1.79,2.05,48591800,934125000,5
50234,2017-11-24,1.89,1.91,1.73,1.88,44111800,936708000,5
50235,2017-11-23,1.89,1.98,1.85,1.89,42235000,929842000,5
50236,2017-11-22,1.91,1.98,1.79,1.89,44297600,937115000,5
50237,2017-11-21,2.00,2.11,1.85,1.90,56022900,976585000,5
50238,2017-11-20,1.89,2.04,1.83,1.99,55477200,917196000,5
50239,2017-11-19,1.92,2.03,1.77,1.88,55081600,928877000,5
50240,2017-11-18,1.74,1.98,1.66,1.93,52951400,840206000,5
50241,2017-11-17,1.66,1.82,1.60,1.75,50782500,797405000,5
50242,2017-11-16,1.67,1.84,1.57,1.65,64675200,800620000,5
50243,2017-11-15,1.68,1.74,1.54,1.67,64150700,794660000,5
50244,2017-11-14,1.18,1.67,1.18,1.67,107326000,555067000,5
50245,2017-11-13,1.09,1.19,1.08,1.18,20848600,513122000,5
50246,2017-11-12,1.16,1.18,1.04,1.09,29229800,541171000,5
50247,2017-11-11,1.03,1.18,1.01,1.16,27539300,478130000,5
50248,2017-11-10,1.18,1.18,0.994880,1.03,23024200,546866000,5
50249,2017-11-9,1.13,1.21,1.13,1.18,24725800,521918000,5
50250,2017-11-8,0.951020,1.18,0.947023,1.13,37971000,436217000,5
50251,2017-11-7,0.921145,0.987035,0.921145,0.951407,16941200,417944000,5
50252,2017-11-6,1.07,1.07,0.914666,0.916950,26059800,481154000,5
50253,2017-11-5,1.11,1.16,0.985319,1.09,32996400,498621000,5
50254,2017-11-4,1.20,1.29,1.06,1.12,37546000,536628000,5
50255,2017-11-3,1.12,1.39,1.06,1.21,59247900,496753000,5
50256,2017-11-2,1.05,1.27,0.924324,1.12,68358600,462451000,5
50257,2017-11-1,0.785862,1.27,0.758617,1.05,74917400,345787000,5
50258,2017-10-31,0.712702,0.781782,0.672324,0.781782,16200000,312268000,5
50259,2017-10-30,0.667644,0.742194,0.646114,0.711433,20481800,291212000,5
50260,2017-10-29,0.536399,0.680899,0.536399,0.665881,19902600,232441000,5
50261,2017-10-28,0.522242,0.539194,0.521951,0.536368,5960600,225217000,5
50262,2017-10-27,0.518989,0.523540,0.502715,0.522118,4730120,223174000,5
50263,2017-10-26,0.504340,0.529740,0.502833,0.518944,5314240,215751000,5
50264,2017-10-25,0.514902,0.520106,0.497452,0.504073,5046620,219135000,5
50265,2017-10-24,0.492790,0.531023,0.482726,0.514935,7089410,208860000,5
50266,2017-10-23,0.517658,0.518657,0.480196,0.493225,6162350,218357000,5
50267,2017-10-22,0.526479,0.538859,0.504792,0.517970,5538990,221105000,5
50268,2017-10-21,0.540259,0.541115,0.512558,0.526792,7066060,226053000,5
50269,2017-10-20,0.566626,0.579606,0.540684,0.540684,6150650,235831000,5
50270,2017-10-19,0.545624,0.590050,0.544242,0.566708,8084770,225606000,5
50271,2017-10-18,0.554269,0.560554,0.514188,0.546006,7320330,228420000,5
50272,2017-10-17,0.562389,0.564163,0.544123,0.552144,6374050,230284000,5
50273,2017-10-16,0.571853,0.581349,0.561856,0.561856,6005900,232974000,5
50274,2017-10-15,0.583440,0.586516,0.563429,0.571914,6573060,236824000,5
50275,2017-10-14,0.584829,0.618572,0.578119,0.582836,6436220,235451000,5
50276,2017-10-13,0.591619,0.614803,0.567720,0.583970,8587370,237037000,5
50277,2017-10-12,0.610294,0.632223,0.584208,0.591723,8681880,243333000,5
50278,2017-10-11,0.556461,0.626727,0.552679,0.610223,8705650,220811000,5
50279,2017-10-10,0.557554,0.575712,0.548996,0.555214,7701180,220246000,5
50280,2017-10-9,0.603543,0.603980,0.547139,0.557142,6657950,237202000,5
50281,2017-10-8,0.587396,0.605634,0.577351,0.604501,5854700,229724000,5
50282,2017-10-7,0.599816,0.604416,0.572312,0.588553,6250760,233480000,5
50283,2017-10-6,0.606706,0.608968,0.591342,0.599844,6785670,234980000,5
50284,2017-10-5,0.599336,0.620752,0.575530,0.606157,8038660,230827000,5
50285,2017-10-4,0.631988,0.634008,0.585308,0.601539,5449300,242210000,5
50286,2017-10-3,0.652812,0.668738,0.616319,0.631230,7114830,248943000,5
50287,2017-10-2,0.707986,0.714239,0.636093,0.654973,8299880,268425000,5
50288,2017-10-1,0.721765,0.725224,0.674128,0.707760,8938190,272363000,5
50289,2017-9-30,0.718682,0.752134,0.714021,0.721609,10179600,269796000,5
50290,2017-9-29,0.816964,0.835309,0.704876,0.717272,15499400,305136000,5
50291,2017-9-28,0.632940,0.816737,0.630716,0.815693,22672400,234912000,5
50292,2017-9-27,0.560208,0.636917,0.557500,0.633043,11395600,207167000,5
50293,2017-9-26,0.570981,0.584476,0.552298,0.561128,5789570,209783000,5
50294,2017-9-25,0.546514,0.574288,0.543055,0.570774,5592430,199970000,5
50295,2017-9-24,0.580243,0.582995,0.546018,0.546274,7534280,210746000,5
50296,2017-9-23,0.570790,0.594251,0.560010,0.576697,4809880,206350000,5
50297,2017-9-22,0.547718,0.579056,0.534403,0.569846,4556540,197242000,5
50298,2017-9-21,0.615818,0.615818,0.544907,0.546153,6972060,219928000,5
50299,2017-9-20,0.651858,0.654721,0.612827,0.612827,6087520,231481000,5
50300,2017-9-19,0.708194,0.708576,0.647600,0.653363,5520750,250257000,5
50301,2017-9-18,0.650438,0.706701,0.650438,0.704878,9065170,228544000,5
50302,2017-9-17,0.624291,0.667683,0.577502,0.648592,8685770,218104000,5
50303,2017-9-16,0.666501,0.685285,0.606857,0.627565,5602950,231741000,5
50304,2017-9-15,0.603370,0.683713,0.524670,0.664289,13121900,208567000,5
50305,2017-9-14,0.727394,0.754454,0.573316,0.603217,13131300,249825000,5
50306,2017-9-13,0.841224,0.841224,0.671642,0.728994,12370500,287468000,5
50307,2017-9-12,0.730094,0.853169,0.728287,0.836077,15475800,248239000,5
50308,2017-9-11,0.739553,0.752968,0.715178,0.730869,7763470,250148000,5
50309,2017-9-10,0.793394,0.811077,0.707969,0.739763,9494440,266891000,5
50310,2017-9-9,0.833780,0.834185,0.752267,0.791608,10281100,278741000,5
50311,2017-9-8,0.977746,0.977746,0.771229,0.832764,18650200,325195000,5
50312,2017-9-7,0.921946,1.00,0.853389,0.977272,22912100,304901000,5
50313,2017-9-6,0.891735,1.07,0.853005,0.914359,26208300,293040000,5
50314,2017-9-5,0.848252,0.918675,0.712454,0.883708,30273900,277362000,5
50315,2017-9-4,1.25,1.25,0.792624,0.850526,43045400,406952000,5
50316,2017-9-3,1.24,1.29,1.18,1.25,22618600,399540000,5
50317,2017-9-2,1.30,1.43,1.19,1.23,38741300,417177000,5
50318,2017-9-1,1.30,1.33,1.26,1.30,25853000,415441000,5
50319,2017-8-31,1.23,1.33,1.22,1.30,22926100,388849000,5
50320,2017-8-30,1.31,1.33,1.19,1.23,24068700,411683000,5
50321,2017-8-29,1.34,1.35,1.31,1.31,18993200,417121000,5
50322,2017-8-28,1.35,1.36,1.32,1.34,18414400,417816000,5
50323,2017-8-27,1.36,1.37,1.34,1.35,18124100,418196000,5
50324,2017-8-26,1.38,1.39,1.35,1.36,16466000,421157000,5
50325,2017-8-25,1.38,1.43,1.35,1.38,20444500,419363000,5
50326,2017-8-24,1.41,1.42,1.35,1.38,18034600,426382000,5
50327,2017-8-23,1.29,1.53,1.28,1.41,36567800,384808000,5
50328,2017-8-22,1.34,1.34,1.26,1.28,23774300,397993000,5
50329,2017-8-21,1.37,1.38,1.33,1.34,20152300,404724000,5
50330,2017-8-20,1.40,1.42,1.36,1.37,15673200,412029000,5
50331,2017-8-19,1.42,1.44,1.32,1.40,24769900,414746000,5
50332,2017-8-18,1.54,1.54,1.40,1.42,26841700,445570000,5
50333,2017-8-17,1.60,1.61,1.52,1.55,25713300,459650000,5
50334,2017-8-16,1.64,1.64,1.59,1.60,24022000,468739000,5
50335,2017-8-15,1.66,1.81,1.59,1.65,58304700,469853000,5
50336,2017-8-14,1.61,1.67,1.54,1.66,39205300,453328000,5
50337,2017-8-13,1.67,1.68,1.58,1.62,40514200,465780000,5
50338,2017-8-12,1.79,1.82,1.66,1.67,38131800,495957000,5
50339,2017-8-11,1.83,1.87,1.77,1.79,49178400,504138000,5
50340,2017-8-10,1.83,1.89,1.83,1.83,43519300,501169000,5
50341,2017-8-9,1.88,1.95,1.81,1.83,36813700,510157000,5
50342,2017-8-8,1.81,2.04,1.79,1.88,76270800,487777000,5
50343,2017-8-7,1.73,1.83,1.71,1.81,46022400,462733000,5
50344,2017-8-6,1.90,1.90,1.72,1.74,38436700,501778000,5
50345,2017-8-5,1.80,1.98,1.76,1.91,52324800,471268000,5
50346,2017-8-4,1.80,1.85,1.80,1.81,34183300,467884000,5
50347,2017-8-3,1.78,1.81,1.75,1.80,25878000,457634000,5
50348,2017-8-2,1.78,1.82,1.76,1.78,28880800,455223000,5
50349,2017-8-1,1.75,1.81,1.68,1.78,39175500,442971000,5
50350,2017-7-31,1.77,1.79,1.71,1.74,29657700,446574000,5
50351,2017-7-30,1.83,1.84,1.71,1.78,27580200,455967000,5
50352,2017-7-29,1.83,1.84,1.66,1.83,44021100,452704000,5
50353,2017-7-28,1.96,2.01,1.85,1.85,64730400,481392000,5
50354,2017-7-27,1.75,1.98,1.73,1.95,69371700,425312000,5
50355,2017-7-26,1.64,1.74,1.47,1.74,48693200,396121000,5
50356,2017-7-25,1.88,1.89,1.55,1.65,42547000,448823000,5
50357,2017-7-24,1.88,1.95,1.82,1.87,36585400,445118000,5
50358,2017-7-23,1.96,2.14,1.74,1.87,60205000,459832000,5
50359,2017-7-22,1.82,2.00,1.81,1.96,41809000,421938000,5
50360,2017-7-21,1.76,2.02,1.73,1.82,58164900,404351000,5
50361,2017-7-20,1.57,1.76,1.57,1.74,45949800,357758000,5
50362,2017-7-19,1.70,1.79,1.54,1.56,55057600,384563000,5
50363,2017-7-18,1.54,1.75,1.48,1.70,58108000,345694000,5
50364,2017-7-17,1.25,1.57,1.25,1.54,62295100,278755000,5
50365,2017-7-16,1.29,1.35,1.19,1.25,30802800,284276000,5
50366,2017-7-15,1.55,1.55,1.30,1.30,34208800,339219000,5
50367,2017-7-14,1.73,1.77,1.54,1.55,41025200,371675000,5
50368,2017-7-13,2.08,2.13,1.71,1.74,51203900,443420000,5
50369,2017-7-12,1.64,2.09,1.54,2.07,104621000,346085000,5
50370,2017-7-11,1.79,1.82,1.42,1.66,111023000,372111000,5
50371,2017-7-10,2.25,2.39,1.72,1.83,79608800,464611000,5
50372,2017-7-9,2.60,2.69,2.19,2.29,87525100,491957000,5
50373,2017-7-8,2.82,2.90,2.09,2.59,151162000,485188000,5
50374,2017-7-7,3.35,3.35,2.71,2.80,96596500,566644000,5
50375,2017-7-6,3.01,3.87,3.01,3.36,177463000,502465000,5
50376,2017-7-5,3.36,3.52,2.73,3.00,124339000,547544000,5
50377,2017-7-4,4.10,4.19,2.93,3.37,218559000,656753000,5
50378,2017-7-3,2.72,5.40,2.63,4.09,414950000,-,5
50379,2017-7-2,0.996521,2.88,0.822648,2.71,320452000,-,5
50380,2017-7-1,1.03,1.07,0.989566,1.01,13613000,-,5
