20001,2018-7-15,435.88,454.00,433.92,449.85,1350160000,43890800000,2
20002,2018-7-14,434.51,439.43,431.47,436.09,1235820000,43743700000,2
20003,2018-7-13,430.74,442.36,430.74,434.03,1489670000,43355400000,2
20004,2018-7-12,446.50,446.50,422.81,430.07,1495440000,44932700000,2
20005,2018-7-11,434.51,447.32,429.51,446.52,1422470000,43717400000,2
20006,2018-7-10,476.16,478.32,433.96,434.42,1789070000,47897900000,2
20007,2018-7-9,488.88,490.85,475.18,476.68,1533800000,49166900000,2
20008,2018-7-8,492.07,503.20,488.42,489.12,1344560000,49477700000,2
20009,2018-7-7,474.06,491.66,466.84,491.66,1358360000,47656900000,2
20010,2018-7-6,474.36,479.65,457.62,474.01,1627610000,47677400000,2
20011,2018-7-5,467.29,483.23,464.63,474.41,1828610000,46957300000,2
20012,2018-7-4,464.15,481.44,455.19,467.32,1549770000,46632600000,2
20013,2018-7-3,475.39,483.85,462.58,464.19,1683940000,47751700000,2
20014,2018-7-2,453.82,479.13,447.11,475.35,1625790000,45576400000,2
20015,2018-7-1,455.24,457.14,446.38,453.92,1511730000,45709500000,2
20016,2018-6-30,436.21,458.80,436.21,455.18,1475940000,43789500000,2
20017,2018-6-29,422.59,441.79,407.95,436.01,1564500000,42413400000,2
20018,2018-6-28,442.29,443.62,419.68,422.37,1360790000,44381900000,2
20019,2018-6-27,432.24,444.24,424.84,442.37,1368940000,43364900000,2
20020,2018-6-26,460.73,461.21,432.77,432.77,1356560000,46213600000,2
20021,2018-6-25,455.94,470.34,448.90,460.31,4007950000,45723100000,2
20022,2018-6-24,474.77,475.36,426.47,457.67,2490580000,47601900000,2
20023,2018-6-23,466.27,479.13,462.39,474.52,1651380000,46740700000,2
20024,2018-6-22,527.19,527.19,456.88,465.82,2226030000,52836600000,2
20025,2018-6-21,536.45,543.72,524.26,527.37,1462070000,53752900000,2
20026,2018-6-20,538.51,541.01,519.37,536.27,1596290000,53948200000,2
20027,2018-6-19,519.02,542.35,516.31,537.96,1726570000,51985700000,2
20028,2018-6-18,499.38,521.80,494.07,518.89,1513870000,50008200000,2
20029,2018-6-17,499.46,507.64,498.65,500.45,1264870000,50005800000,2
20030,2018-6-16,490.41,503.22,488.85,499.64,1314110000,49090100000,2
20031,2018-6-15,520.48,521.30,487.47,491.00,1808270000,52088900000,2
20032,2018-6-14,478.38,523.54,467.47,519.74,2458650000,47865900000,2
20033,2018-6-13,498.02,501.90,459.00,477.49,2080130000,49820500000,2
20034,2018-6-12,532.71,538.96,491.24,496.84,1932760000,53280100000,2
20035,2018-6-11,524.86,536.86,515.27,533.28,1982120000,52483700000,2
20036,2018-6-10,594.35,594.35,511.89,526.48,2234880000,59420100000,2
20037,2018-6-9,600.90,608.58,597.56,597.56,1519310000,60063400000,2
20038,2018-6-8,605.44,608.81,595.59,601.08,1637780000,60504500000,2
20039,2018-6-7,607.69,616.14,601.69,605.19,1880140000,60716100000,2
20040,2018-6-6,610.26,611.64,596.40,607.12,1756530000,60960700000,2
20041,2018-6-5,593.41,611.33,580.98,609.30,1844270000,59264900000,2
20042,2018-6-4,619.44,623.43,583.75,592.99,1903430000,61851800000,2
20043,2018-6-3,591.26,624.51,591.26,618.33,1832550000,59026100000,2
20044,2018-6-2,580.43,597.08,577.32,591.81,1880390000,57932900000,2
20045,2018-6-1,578.67,589.09,567.66,580.04,1945890000,57745700000,2
20046,2018-5-31,558.50,585.54,557.07,577.64,1985040000,55720800000,2
20047,2018-5-30,566.83,583.14,545.43,559.59,2053970000,56540500000,2
20048,2018-5-29,516.15,572.26,516.15,565.39,2330820000,51474400000,2
20049,2018-5-28,573.04,576.05,512.55,516.04,2356900000,57136700000,2
20050,2018-5-27,588.52,590.33,562.87,572.67,1788790000,58667600000,2
20051,2018-5-26,587.43,606.17,583.51,587.28,1694300000,58546400000,2
20052,2018-5-25,602.14,617.19,575.62,586.73,2110920000,60000400000,2
20053,2018-5-24,584.54,610.82,557.21,601.75,2791100000,58234400000,2
20054,2018-5-23,646.67,651.64,572.95,583.59,2995430000,64411000000,2
20055,2018-5-22,700.18,700.98,644.03,647.74,2230470000,69726300000,2
20056,2018-5-21,717.19,719.28,692.49,699.22,2005170000,71405800000,2
20057,2018-5-20,697.92,723.75,692.67,715.37,2156910000,69472800000,2
20058,2018-5-19,695.07,715.58,686.79,696.53,2021550000,69174600000,2
20059,2018-5-18,672.10,695.03,663.81,694.37,2305740000,66874700000,2
20060,2018-5-17,708.72,718.83,668.83,672.66,2350620000,70503400000,2
20061,2018-5-16,708.09,710.20,682.54,707.05,2476130000,70426200000,2
20062,2018-5-15,731.14,739.05,701.00,708.87,2523070000,72704300000,2
20063,2018-5-14,732.73,742.17,695.79,730.55,3005110000,72847500000,2
20064,2018-5-13,687.17,741.31,675.32,733.50,2362500000,68304000000,2
20065,2018-5-12,679.88,691.41,644.07,686.05,2668480000,67564600000,2
20066,2018-5-11,727.01,736.98,669.83,679.59,3290080000,72233800000,2
20067,2018-5-10,752.58,766.75,726.66,727.28,2748950000,74758700000,2
20068,2018-5-9,752.90,759.53,718.47,752.27,2877870000,74775300000,2
20069,2018-5-8,755.01,774.25,728.13,752.86,2920490000,74969200000,2
20070,2018-5-7,793.34,795.76,710.18,753.73,4316120000,78758700000,2
20071,2018-5-6,816.09,835.06,764.88,792.31,3105570000,81000200000,2
20072,2018-5-5,784.58,827.46,784.24,816.12,3035040000,77857000000,2
20073,2018-5-4,776.77,803.75,762.63,785.62,3533410000,77066200000,2
20074,2018-5-3,686.59,784.34,686.59,779.54,4210940000,68104600000,2
20075,2018-5-2,674.08,688.84,667.42,687.15,2822270000,66849100000,2
20076,2018-5-1,670.46,674.40,637.54,673.61,2678960000,66477200000,2
20077,2018-4-30,689.76,694.44,666.12,669.92,2853100000,68376400000,2
20078,2018-4-29,683.91,697.76,670.51,688.88,2740560000,67782400000,2
20079,2018-4-28,644.65,691.44,644.65,683.68,2496660000,63877700000,2
20080,2018-4-27,662.11,684.87,647.03,647.03,2598130000,65594600000,2
20081,2018-4-26,618.08,663.18,604.01,662.81,2984010000,61219700000,2
20082,2018-4-25,707.06,707.06,600.21,615.42,4216140000,70018900000,2
20083,2018-4-24,643.40,708.88,643.40,708.16,3581860000,63701200000,2
20084,2018-4-23,621.20,646.70,621.03,642.55,2386830000,61490600000,2
20085,2018-4-22,606.12,640.77,593.87,621.86,2426270000,59985500000,2
20086,2018-4-21,616.00,621.89,578.55,605.39,2612460000,60951100000,2
20087,2018-4-20,567.99,618.72,560.28,615.72,2849470000,56188700000,2
20088,2018-4-19,524.04,567.89,523.26,567.89,2256870000,51829900000,2
20089,2018-4-18,503.31,525.09,503.05,524.79,1762940000,49769600000,2
20090,2018-4-17,511.14,518.03,502.56,502.89,1760360000,50534000000,2
20091,2018-4-16,532.07,534.20,500.25,511.15,1758980000,52592200000,2
20092,2018-4-15,502.88,531.70,502.88,531.70,1726090000,49696300000,2
20093,2018-4-14,492.58,512.02,488.28,501.48,1519080000,48668400000,2
20094,2018-4-13,493.16,526.47,482.66,492.74,2419250000,48715400000,2
20095,2018-4-12,430.16,493.06,417.41,492.94,2519360000,42483600000,2
20096,2018-4-11,415.02,430.54,412.47,430.54,1439040000,40980200000,2
20097,2018-4-10,399.41,415.89,393.88,414.24,1196000000,39430400000,2
20098,2018-4-9,400.86,429.25,390.61,398.53,1478390000,39565100000,2
20099,2018-4-8,385.74,402.59,385.60,400.51,948488000,38065400000,2
20100,2018-4-7,370.38,393.06,369.94,385.31,951475000,36541900000,2
20101,2018-4-6,382.73,385.19,366.91,370.29,967106000,37752600000,2
20102,2018-4-5,379.95,387.72,369.82,383.23,1210680000,37470200000,2
20103,2018-4-4,416.49,417.47,375.31,380.54,1287730000,41065100000,2
20104,2018-4-3,387.31,418.97,383.53,416.89,1363400000,38180800000,2
20105,2018-4-2,379.70,395.17,377.59,386.43,1102260000,37422500000,2
20106,2018-4-1,397.25,400.53,363.81,379.61,1256930000,39144700000,2
20107,2018-3-31,395.00,418.47,392.95,396.46,1323920000,38914900000,2
20108,2018-3-30,385.90,409.93,368.63,394.64,1878130000,38010600000,2
20109,2018-3-29,448.07,450.81,385.81,385.97,1970230000,44125000000,2
20110,2018-3-28,450.29,466.21,444.86,446.28,1514180000,44334000000,2
20111,2018-3-27,489.59,491.46,449.97,450.12,1617940000,48193300000,2
20112,2018-3-26,524.29,526.38,470.44,489.95,1638880000,51598000000,2
20113,2018-3-25,522.70,535.82,515.66,524.29,1151170000,51431600000,2
20114,2018-3-24,542.57,545.38,526.08,526.44,1300010000,53375400000,2
20115,2018-3-23,539.86,540.49,512.13,539.62,1596350000,53098100000,2
20116,2018-3-22,562.10,577.57,523.09,539.70,1523460000,55273800000,2
20117,2018-3-21,559.10,589.61,550.57,561.73,1781270000,54967300000,2
20118,2018-3-20,556.72,567.09,521.20,557.17,1833680000,54722100000,2
20119,2018-3-19,546.63,558.10,519.12,556.73,2046790000,53718600000,2
20120,2018-3-18,551.64,551.64,460.09,538.64,2685500000,54200100000,2
20121,2018-3-17,601.68,609.15,549.10,552.78,1267810000,59104200000,2
20122,2018-3-16,611.78,623.17,587.86,601.67,1417350000,60083700000,2
20123,2018-3-15,614.84,620.62,579.50,611.30,1770460000,60371800000,2
20124,2018-3-14,691.22,702.78,594.10,614.29,1810560000,67857600000,2
20125,2018-3-13,698.15,713.74,682.35,690.83,1425960000,68524000000,2
20126,2018-3-12,724.41,742.51,683.27,699.83,1765000000,71086000000,2
20127,2018-3-11,685.31,735.83,668.12,723.34,1562680000,67235700000,2
20128,2018-3-10,730.16,748.03,682.70,686.89,1532960000,71620700000,2
20129,2018-3-9,702.20,729.16,648.11,728.92,2233020000,68863600000,2
20130,2018-3-8,752.57,773.77,696.17,704.60,1891640000,73788400000,2
20131,2018-3-7,816.27,825.61,726.55,752.83,2175420000,80017300000,2
20132,2018-3-6,853.82,853.82,809.93,816.95,1943070000,83680400000,2
20133,2018-3-5,866.85,869.92,853.52,853.68,1898490000,84939700000,2
20134,2018-3-4,856.19,867.95,840.28,866.68,1697940000,83877800000,2
20135,2018-3-3,856.71,868.45,855.21,857.23,1699370000,83911700000,2
20136,2018-3-2,871.76,876.38,852.42,856.85,1894420000,85368100000,2
20137,2018-3-1,856.01,880.30,851.92,872.20,1868520000,83808200000,2
20138,2018-2-28,877.93,890.11,855.12,855.20,1963980000,85936400000,2
20139,2018-2-27,870.37,896.26,867.10,878.26,2053980000,85177800000,2
20140,2018-2-26,845.28,880.39,842.32,869.32,2044480000,82705400000,2
20141,2018-2-25,839.46,853.15,822.38,844.81,1646960000,82119100000,2
20142,2018-2-24,861.59,879.53,818.55,840.51,1926580000,84266700000,2
20143,2018-2-23,811.59,886.32,794.79,864.19,2334820000,79358900000,2
20144,2018-2-22,849.26,875.93,802.67,812.85,2150370000,83025800000,2
20145,2018-2-21,894.13,912.38,830.56,849.97,2531730000,87394200000,2
20146,2018-2-20,943.57,965.26,892.95,895.37,2545260000,92206500000,2
20147,2018-2-19,921.67,957.78,921.55,943.87,2169020000,90047700000,2
20148,2018-2-18,973.35,982.93,915.45,923.92,2567290000,95077100000,2
20149,2018-2-17,944.75,976.60,940.75,974.12,2525720000,92264000000,2
20150,2018-2-16,934.79,950.00,917.85,944.21,2369450000,91272100000,2
20151,2018-2-15,923.73,951.95,911.11,936.98,2900100000,90173300000,2
20152,2018-2-14,844.28,926.43,844.28,923.56,2818370000,82400600000,2
20153,2018-2-13,869.29,870.71,828.84,845.26,2081170000,84824200000,2
20154,2018-2-12,817.51,875.94,817.51,868.71,2243450000,79754400000,2
20155,2018-2-11,859.29,859.29,788.22,814.66,2486650000,83813000000,2
20156,2018-2-10,882.47,917.40,825.58,860.41,2930530000,86055600000,2
20157,2018-2-9,818.48,884.00,788.83,883.87,2495820000,79799300000,2
20158,2018-2-8,755.84,845.09,755.84,817.81,3708190000,73676900000,2
20159,2018-2-7,790.43,851.20,723.43,757.07,3896180000,77032000000,2
20160,2018-2-6,707.74,796.44,574.42,793.12,6518270000,68958700000,2
20161,2018-2-5,834.96,856.65,644.60,697.95,4269530000,81337400000,2
20162,2018-2-4,964.67,969.03,805.06,834.68,2997090000,93953400000,2
20163,2018-2-3,919.21,991.94,847.69,964.02,3243480000,89507600000,2
20164,2018-2-2,1035.77,1035.77,757.98,915.78,6713290000,100836000000,2
20165,2018-2-1,1119.37,1161.35,984.82,1036.79,5261680000,108952000000,2
20166,2018-1-31,1071.09,1128.66,1034.50,1118.31,3757560000,104231000000,2
20167,2018-1-30,1184.13,1184.63,1058.97,1071.13,4107860000,115207000000,2
20168,2018-1-29,1246.70,1256.70,1169.08,1182.36,3715080000,121269000000,2
20169,2018-1-28,1111.78,1257.77,1111.78,1246.01,5372330000,108122000000,2
20170,2018-1-27,1055.75,1121.98,1042.12,1107.07,3002870000,102651000000,2
20171,2018-1-26,1052.70,1080.60,996.78,1055.17,3617690000,102334000000,2
20172,2018-1-25,1063.22,1104.66,1034.74,1056.03,4050190000,103335000000,2
20173,2018-1-24,987.48,1062.44,965.81,1058.78,3944040000,95952700000,2
20174,2018-1-23,1004.17,1023.23,920.54,986.23,3556700000,97554300000,2
20175,2018-1-22,1055.35,1089.10,930.74,1003.26,3810100000,102504000000,2
20176,2018-1-21,1155.68,1155.68,1021.50,1049.58,3378090000,112226000000,2
20177,2018-1-20,1044.95,1167.11,1044.95,1155.15,3975190000,101451000000,2
20178,2018-1-19,1028.82,1093.22,1003.71,1039.10,4084450000,99863900000,2
20179,2018-1-18,1016.44,1100.31,967.76,1036.28,5938320000,98642100000,2
20180,2018-1-17,1061.34,1090.23,780.92,1014.25,8545160000,102974000000,2
20181,2018-1-16,1292.63,1292.63,875.54,1053.69,8405140000,125389000000,2
20182,2018-1-15,1365.21,1390.59,1290.60,1291.92,4781100000,132404000000,2
20183,2018-1-14,1397.48,1400.56,1286.21,1366.77,4841630000,135503000000,2
20184,2018-1-13,1270.47,1432.88,1270.47,1396.42,5746760000,123163000000,2
20185,2018-1-12,1158.29,1296.04,1120.09,1273.20,5222300000,112263000000,2
20186,2018-1-11,1268.09,1337.30,1135.17,1154.93,7235900000,122879000000,2
20187,2018-1-10,1300.34,1417.38,1226.60,1255.82,9214950000,125976000000,2
20188,2018-1-9,1146.00,1320.98,1145.49,1299.74,7965460000,110999000000,2
20189,2018-1-8,1158.26,1266.93,1016.05,1148.53,8450970000,112164000000,2
20190,2018-1-7,1043.01,1153.17,1043.01,1153.17,5569880000,100981000000,2
20191,2018-1-6,995.15,1060.71,994.62,1041.68,4662220000,96326500000,2
20192,2018-1-5,975.75,1075.39,956.33,997.72,6683150000,94423900000,2
20193,2018-1-4,961.71,1045.08,946.09,980.92,6502860000,93049400000,2
20194,2018-1-3,886.00,974.47,868.45,962.72,5093160000,85703500000,2
20195,2018-1-2,772.35,914.83,772.35,884.44,5783350000,74695700000,2
20196,2018-1-1,755.76,782.53,742.00,772.64,2595760000,73075800000,2
20197,2017-12-31,712.21,760.35,710.12,756.73,2554270000,68850800000,2
20198,2017-12-30,753.82,753.82,685.23,717.26,3187780000,72856900000,2
20199,2017-12-29,740.39,770.12,729.61,753.59,2648970000,71544300000,2
20200,2017-12-28,762.21,763.32,701.19,737.02,2389150000,73637100000,2
20201,2017-12-27,774.97,789.25,738.41,762.84,2100030000,74854100000,2
20202,2017-12-26,763.37,786.79,760.93,773.84,2201160000,73717800000,2
20203,2017-12-25,698.87,782.52,698.87,765.83,2491760000,67475100000,2
20204,2017-12-24,721.77,721.77,614.92,694.15,2300550000,69671200000,2
20205,2017-12-23,681.32,763.89,679.73,719.39,2480340000,65752100000,2
20206,2017-12-22,822.64,827.68,543.76,674.86,4977710000,79374400000,2
20207,2017-12-21,820.24,880.54,792.69,821.06,3569060000,79125300000,2
20208,2017-12-20,827.52,845.06,756.00,819.09,3969940000,79810600000,2
20209,2017-12-19,793.90,881.94,785.34,826.82,4096550000,76552200000,2
20210,2017-12-18,721.73,803.93,689.23,794.64,3249230000,69578400000,2
20211,2017-12-17,696.24,735.83,696.24,719.98,2147390000,67106400000,2
20212,2017-12-16,686.19,718.38,680.79,696.21,2165690000,66124200000,2
20213,2017-12-15,696.38,697.13,621.06,684.45,2758710000,67090900000,2
20214,2017-12-14,700.59,753.12,664.99,695.82,3821580000,67482900000,2
20215,2017-12-13,644.91,747.99,597.80,702.77,4524540000,62105600000,2
20216,2017-12-12,522.29,657.32,504.49,651.43,5179830000,50286400000,2
20217,2017-12-11,440.36,516.97,439.10,515.14,1771440000,42389300000,2
20218,2017-12-10,472.79,472.79,429.51,441.72,1404180000,45501400000,2
20219,2017-12-9,457.34,504.15,456.25,473.50,2003850000,44005600000,2
20220,2017-12-8,434.99,466.06,422.37,456.03,2336380000,41845800000,2
20221,2017-12-7,426.37,441.40,414.41,434.41,2129570000,41007600000,2
20222,2017-12-6,462.60,462.71,420.21,428.59,1998260000,44483100000,2
20223,2017-12-5,470.29,473.56,457.66,463.28,1216720000,45212800000,2
20224,2017-12-4,466.05,474.78,453.31,470.20,1005550000,44795700000,2
20225,2017-12-3,463.70,482.81,451.85,465.85,990557000,44560500000,2
20226,2017-12-2,466.85,476.24,456.65,463.45,943650000,44853300000,2
20227,2017-12-1,445.21,472.61,428.31,466.54,1247880000,42765000000,2
20228,2017-11-30,431.21,465.50,401.24,447.11,1903040000,41411900000,2
20229,2017-11-29,473.28,522.31,425.07,427.52,2675940000,45442100000,2
20230,2017-11-28,480.52,482.48,466.35,472.90,1346500000,46127200000,2
20231,2017-11-27,471.53,493.40,468.49,480.36,1396480000,45255000000,2
20232,2017-11-26,465.97,472.72,451.61,471.33,1197780000,44712100000,2
20233,2017-11-25,475.68,485.19,461.05,466.28,1422080000,45633400000,2
20234,2017-11-24,412.50,480.97,402.76,474.91,2292830000,39564300000,2
20235,2017-11-23,381.44,425.55,376.09,410.17,1845680000,36577300000,2
20236,2017-11-22,360.31,381.42,360.15,380.65,800819000,34544000000,2
20237,2017-11-21,367.44,372.47,350.69,360.40,949912000,35220200000,2
20238,2017-11-20,354.09,372.14,353.29,366.73,807027000,33933400000,2
20239,2017-11-19,347.40,371.29,344.74,354.39,1181530000,33284900000,2
20240,2017-11-18,331.98,349.62,327.69,347.61,649639000,31800700000,2
20241,2017-11-17,330.17,334.96,327.52,332.39,621733000,31620300000,2
20242,2017-11-16,333.44,336.16,323.61,330.92,797254000,31927300000,2
20243,2017-11-15,337.96,340.91,329.81,333.36,722666000,32353200000,2
20244,2017-11-14,316.76,340.18,316.76,337.63,1069680000,30317300000,2
20245,2017-11-13,307.02,328.42,307.02,316.72,1041890000,29379000000,2
20246,2017-11-12,314.69,319.15,298.51,307.91,1613480000,30106200000,2
20247,2017-11-11,298.59,319.45,298.19,314.68,842301000,28559400000,2
20248,2017-11-10,320.67,324.72,294.54,299.25,885986000,30665200000,2
20249,2017-11-9,308.64,329.45,307.06,320.88,893250000,29509000000,2
20250,2017-11-8,294.27,318.70,293.10,309.07,967956000,28128700000,2
20251,2017-11-7,298.57,304.84,290.77,294.66,540766000,28533300000,2
20252,2017-11-6,296.43,305.42,293.72,298.89,579359000,28322700000,2
20253,2017-11-5,300.04,301.37,295.12,296.26,337658000,28661500000,2
20254,2017-11-4,305.48,305.48,295.80,300.47,416479000,29175300000,2
20255,2017-11-3,288.50,308.31,287.69,305.71,646340000,27547400000,2
20256,2017-11-2,290.73,293.91,281.17,287.43,904901000,27754200000,2
20257,2017-11-1,305.76,306.40,290.58,291.69,553864000,29183600000,2
20258,2017-10-31,307.38,310.55,305.88,305.88,369583000,29331500000,2
20259,2017-10-30,304.78,310.50,304.35,307.75,331442000,29077600000,2
20260,2017-10-29,296.38,313.75,296.38,305.09,551752000,28270200000,2
20261,2017-10-28,297.92,300.36,293.58,296.30,264424000,28410400000,2
20262,2017-10-27,296.51,299.26,294.06,297.42,257169000,28270100000,2
20263,2017-10-26,298.02,301.07,295.22,296.53,270273000,28408400000,2
20264,2017-10-25,298.44,301.85,290.72,297.93,325040000,28442000000,2
20265,2017-10-24,287.12,311.96,282.66,298.33,684281000,27357500000,2
20266,2017-10-23,295.10,295.75,277.57,286.95,482336000,28111400000,2
20267,2017-10-22,300.55,305.50,292.81,295.45,327387000,28624800000,2
20268,2017-10-21,303.57,303.93,291.77,300.19,408014000,28906600000,2
20269,2017-10-20,308.05,311.44,303.49,304.01,396673000,29326300000,2
20270,2017-10-19,314.54,316.71,305.83,308.09,349830000,29937900000,2
20271,2017-10-18,316.94,317.24,290.64,314.32,606114000,30160500000,2
20272,2017-10-17,333.48,333.48,311.79,317.08,509924000,31727700000,2
20273,2017-10-16,336.71,349.35,332.04,333.38,692885000,32029200000,2
20274,2017-10-15,339.53,342.72,320.43,336.60,635407000,32292100000,2
20275,2017-10-14,338.85,347.98,334.70,339.63,516562000,32222400000,2
20276,2017-10-13,304.08,348.60,299.66,338.76,1304360000,28911100000,2
20277,2017-10-12,303.50,309.15,303.29,304.14,527557000,28851200000,2
20278,2017-10-11,301.18,304.39,299.10,303.46,264146000,28626300000,2
20279,2017-10-10,297.60,306.15,293.17,299.87,359706000,28281400000,2
20280,2017-10-9,308.67,309.31,288.19,297.39,559467000,29328300000,2
20281,2017-10-8,311.06,312.54,308.03,308.61,293167000,29550900000,2
20282,2017-10-7,308.89,313.13,304.98,311.12,342205000,29340400000,2
20283,2017-10-6,295.15,308.84,294.95,308.59,318664000,28031100000,2
20284,2017-10-5,292.77,298.04,288.84,295.86,253747000,27800400000,2
20285,2017-10-4,292.75,299.39,290.89,292.66,257906000,27794100000,2
20286,2017-10-3,297.48,300.11,288.13,292.46,321680000,28238500000,2
20287,2017-10-2,302.48,302.92,294.58,297.48,339443000,28708500000,2
20288,2017-10-1,301.55,303.19,295.06,302.34,306185000,28615200000,2
20289,2017-9-30,291.48,303.96,291.11,301.46,332439000,27655200000,2
20290,2017-9-29,299.12,299.92,279.77,291.47,541375000,28375900000,2
20291,2017-9-28,306.47,307.20,295.47,299.15,501894000,29068700000,2
20292,2017-9-27,287.02,308.01,286.82,306.47,550244000,27219400000,2
20293,2017-9-26,292.35,293.75,287.02,287.44,345801000,27720000000,2
20294,2017-9-25,282.22,293.51,281.88,292.33,483161000,26755500000,2
20295,2017-9-24,286.21,292.95,278.13,282.48,571411000,27129900000,2
20296,2017-9-23,264.60,286.17,261.12,286.17,450934000,25077100000,2
20297,2017-9-22,258.11,270.54,256.22,264.31,430081000,24458400000,2
20298,2017-9-21,283.26,286.61,255.02,258.58,601266000,26836000000,2
20299,2017-9-20,282.01,290.89,278.05,283.74,421404000,26712400000,2
20300,2017-9-19,293.66,295.77,274.48,282.80,646909000,27809300000,2
20301,2017-9-18,252.23,293.50,252.23,293.50,1127750000,23881200000,2
20302,2017-9-17,245.85,257.00,235.24,251.75,427452000,23272500000,2
20303,2017-9-16,250.87,262.59,238.22,246.52,711737000,23742600000,2
20304,2017-9-15,215.22,258.65,195.03,250.46,1935700000,20364900000,2
20305,2017-9-14,276.59,280.84,213.91,213.91,1184590000,26166100000,2
20306,2017-9-13,291.12,291.12,260.61,277.11,921692000,27535700000,2
20307,2017-9-12,294.63,311.19,287.23,291.46,753144000,27861800000,2
20308,2017-9-11,289.75,300.69,286.69,294.53,571307000,27394400000,2
20309,2017-9-10,294.06,294.76,268.97,288.75,698326000,27797200000,2
20310,2017-9-9,296.17,299.89,287.22,294.40,528621000,27990500000,2
20311,2017-9-8,329.64,329.64,285.16,296.50,1098780000,31147200000,2
20312,2017-9-7,333.52,333.52,319.94,329.43,718624000,31507500000,2
20313,2017-9-6,313.80,334.66,313.49,334.34,1058830000,29639100000,2
20314,2017-9-5,297.57,318.57,268.29,312.99,1551050000,28100000000,2
20315,2017-9-4,347.13,347.13,279.94,295.17,1801690000,32774000000,2
20316,2017-9-3,350.23,366.49,332.23,347.48,986266000,33059800000,2
20317,2017-9-2,387.82,389.35,328.10,348.98,1483600000,36601200000,2
20318,2017-9-1,383.47,390.04,383.47,387.74,874222000,36182900000,2
20319,2017-8-31,378.44,386.14,376.35,383.04,706254000,35701500000,2
20320,2017-8-30,369.47,388.75,361.97,378.49,1333320000,34848400000,2
20321,2017-8-29,347.96,373.76,347.79,370.67,1220030000,32813200000,2
20322,2017-8-28,350.04,352.05,338.41,347.75,854319000,33002700000,2
20323,2017-8-27,334.36,347.89,334.36,347.89,633370000,31517500000,2
20324,2017-8-26,331.99,334.99,327.92,333.88,514181000,31288300000,2
20325,2017-8-25,326.11,336.40,325.80,331.92,760329000,30727900000,2
20326,2017-8-24,317.45,327.96,317.08,325.61,697665000,29904600000,2
20327,2017-8-23,315.27,324.21,314.54,317.52,811990000,29691900000,2
20328,2017-8-22,321.06,327.36,297.91,314.79,1336400000,30229900000,2
20329,2017-8-21,300.48,347.05,297.23,321.59,2448970000,28285500000,2
20330,2017-8-20,296.64,301.43,291.58,301.43,571947000,27918100000,2
20331,2017-8-19,296.18,301.67,286.18,297.47,860202000,27867900000,2
20332,2017-8-18,301.70,307.96,292.50,295.59,936160000,28380200000,2
20333,2017-8-17,302.81,311.03,300.25,301.46,909494000,28477500000,2
20334,2017-8-16,289.82,303.41,285.38,302.27,967643000,27249700000,2
20335,2017-8-15,299.95,300.41,279.33,289.82,1051800000,28195800000,2
20336,2017-8-14,298.03,306.81,296.41,300.10,864391000,28008700000,2
20337,2017-8-13,310.37,310.82,289.31,298.06,1369370000,29161100000,2
20338,2017-8-12,308.71,317.56,307.90,310.60,1111650000,28998700000,2
20339,2017-8-11,294.50,309.21,294.50,308.86,953576000,27657000000,2
20340,2017-8-10,296.96,306.59,289.93,295.89,1076820000,27882200000,2
20341,2017-8-9,297.63,318.72,276.69,296.03,2638580000,27938700000,2
20342,2017-8-8,269.10,298.91,266.80,296.77,1502410000,25254600000,2
20343,2017-8-7,261.24,271.96,256.69,269.18,935727000,24511000000,2
20344,2017-8-6,256.42,271.05,252.85,261.57,1482980000,24053500000,2
20345,2017-8-5,222.85,256.51,221.95,256.51,1333000000,20900000000,2
20346,2017-8-4,225.31,227.62,222.06,223.07,539783000,21125600000,2
20347,2017-8-3,220.18,228.29,219.89,225.34,557217000,20640100000,2
20348,2017-8-2,227.01,229.51,218.12,219.95,632606000,21275200000,2
20349,2017-8-1,204.69,227.74,204.69,226.77,1585330000,19179100000,2
20350,2017-7-31,197.41,203.87,193.41,203.87,569414000,18492000000,2
20351,2017-7-30,206.74,208.54,196.15,197.98,596234000,19360900000,2
20352,2017-7-29,193.34,208.68,179.65,205.79,824355000,18101800000,2
20353,2017-7-28,204.32,204.90,192.30,193.12,562571000,19125100000,2
20354,2017-7-27,204.86,206.44,201.26,204.32,393283000,19169800000,2
20355,2017-7-26,207.09,210.77,194.78,203.95,717692000,19373400000,2
20356,2017-7-25,224.37,225.32,195.84,206.71,1095760000,20985200000,2
20357,2017-7-24,226.28,227.54,222.45,224.71,431691000,21158500000,2
20358,2017-7-23,229.12,231.68,217.72,225.95,649615000,21418300000,2
20359,2017-7-22,217.86,232.70,216.87,229.48,618260000,20360100000,2
20360,2017-7-21,226.06,235.12,213.01,218.31,1006130000,21121100000,2
20361,2017-7-20,205.42,233.90,203.22,227.26,2225000000,19187800000,2
20362,2017-7-19,234.94,245.65,191.75,199.70,2328790000,21939300000,2
20363,2017-7-18,195.03,267.99,182.06,234.39,2709260000,18207400000,2
20364,2017-7-17,159.99,194.75,158.04,193.42,1669500000,14932700000,2
20365,2017-7-16,169.57,172.01,133.72,157.36,1516890000,15823100000,2
20366,2017-7-15,199.71,200.16,170.66,170.66,810452000,18630200000,2
20367,2017-7-14,209.53,211.10,187.37,199.66,749382000,19541300000,2
20368,2017-7-13,231.81,231.81,200.06,209.73,828489000,21613900000,2
20369,2017-7-12,197.15,230.77,189.59,230.77,1241190000,18377600000,2
20370,2017-7-11,211.53,220.29,183.39,197.40,1440950000,19712300000,2
20371,2017-7-10,243.01,243.07,196.97,215.36,937219000,22640500000,2
20372,2017-7-9,251.82,255.10,242.14,242.14,505118000,23454700000,2
20373,2017-7-8,245.89,273.48,236.55,251.70,754958000,22890700000,2
20374,2017-7-7,270.35,273.94,244.17,245.99,687252000,25160800000,2
20375,2017-7-6,268.86,278.48,265.51,270.55,623080000,25019500000,2
20376,2017-7-5,273.10,275.13,261.45,268.77,790256000,25406900000,2
20377,2017-7-4,282.19,287.39,273.11,273.30,687691000,26245000000,2
20378,2017-7-3,288.41,291.10,281.18,282.90,851408000,26815900000,2
20379,2017-7-2,275.12,295.51,262.52,287.99,1123330000,25572800000,2
20380,2017-7-1,293.35,293.75,268.62,274.60,1089200000,27259400000,2
20381,2017-6-30,303.15,315.17,288.44,294.92,1011800000,28161900000,2
20382,2017-6-29,328.37,330.71,297.37,302.88,1508580000,30495300000,2
20383,2017-6-28,293.04,333.10,276.41,327.93,2056550000,27207000000,2
20384,2017-6-27,272.69,293.09,227.14,293.09,1973870000,25309700000,2
20385,2017-6-26,302.95,311.46,238.65,272.69,2081810000,28111200000,2
20386,2017-6-25,323.47,332.79,284.65,303.25,1186880000,30005900000,2
20387,2017-6-24,341.63,343.62,322.09,323.70,673585000,31681300000,2
20388,2017-6-23,336.49,348.01,334.99,341.74,593207000,31195900000,2
20389,2017-6-22,337.73,342.03,330.62,336.37,925767000,31302600000,2
20390,2017-6-21,359.54,361.34,319.48,336.87,1420130000,33310500000,2
20391,2017-6-20,370.33,377.97,350.94,359.00,1020390000,34304000000,2
20392,2017-6-19,371.86,377.12,369.76,370.06,685172000,34435700000,2
20393,2017-6-18,379.52,390.58,368.84,371.46,904703000,35133800000,2
20394,2017-6-17,369.88,379.41,364.00,379.41,904653000,34231300000,2
20395,2017-6-16,361.18,373.06,341.42,370.23,1096280000,33415800000,2
20396,2017-6-15,358.51,364.44,300.70,361.93,2463450000,33158200000,2
20397,2017-6-14,397.59,399.32,342.21,359.05,1272580000,36761600000,2
20398,2017-6-13,395.69,411.18,370.06,397.54,1717380000,36574500000,2
20399,2017-6-12,341.16,414.76,341.16,401.49,2882650000,31525300000,2
20400,2017-6-11,338.79,353.01,318.17,340.61,1373220000,31296800000,2
20401,2017-6-10,282.01,350.26,282.01,337.67,1611630000,26043700000,2
20402,2017-6-9,261.75,282.76,261.75,281.74,557986000,24165000000,2
20403,2017-6-8,257.99,262.25,253.97,261.67,385494000,23810900000,2
20404,2017-6-7,264.26,264.67,254.04,258.07,461649000,24382200000,2
20405,2017-6-6,248.60,267.51,246.84,264.47,741553000,22930400000,2
20406,2017-6-5,245.26,249.47,243.05,248.46,435660000,22615800000,2
20407,2017-6-4,224.12,250.41,223.98,245.33,753820000,20659800000,2
20408,2017-6-3,223.46,225.97,219.42,224.38,427896000,20593500000,2
20409,2017-6-2,222.29,229.41,219.58,223.78,469532000,20479000000,2
20410,2017-6-1,230.89,236.22,214.48,222.24,812924000,21264800000,2
20411,2017-5-31,231.58,236.97,215.57,230.67,1271600000,21321900000,2
20412,2017-5-30,195.61,233.71,189.29,231.91,1586670000,18004700000,2
20413,2017-5-29,170.13,197.13,164.53,194.91,718828000,15654600000,2
20414,2017-5-28,158.82,179.94,157.60,170.51,717971000,14608600000,2
20415,2017-5-27,159.82,166.95,120.44,157.76,1217060000,14696000000,2
20416,2017-5-26,175.22,193.69,150.28,160.40,792458000,16107000000,2
20417,2017-5-25,189.85,210.98,170.51,174.45,943637000,17446600000,2
20418,2017-5-24,182.65,228.37,182.45,190.05,561014000,16779700000,2
20419,2017-5-23,170.82,183.55,169.93,181.95,530709000,15688000000,2
20420,2017-5-22,158.17,201.75,152.47,174.26,1188910000,14522100000,2
20421,2017-5-21,127.54,159.03,125.89,157.94,570361000,11705700000,2
20422,2017-5-20,129.22,133.64,124.70,126.52,331455000,11856600000,2
20423,2017-5-19,97.05,133.56,97.05,129.53,626945000,8902240000,2
20424,2017-5-18,89.84,97.37,89.84,96.91,196237000,8238110000,2
20425,2017-5-17,89.25,91.27,84.43,89.86,183031000,8181520000,2
20426,2017-5-16,92.39,93.56,89.12,89.44,152285000,8466470000,2
20427,2017-5-15,90.78,95.43,86.83,92.41,170999000,8316930000,2
20428,2017-5-14,90.87,91.25,89.61,90.79,66046600,8322380000,2
20429,2017-5-13,88.69,93.81,86.66,90.84,88742200,8120390000,2
20430,2017-5-12,89.43,93.12,88.66,88.66,145825000,8184930000,2
20431,2017-5-11,89.77,102.55,88.48,89.88,132722000,8213570000,2
20432,2017-5-10,91.15,92.85,85.29,89.52,145602000,8337180000,2
20433,2017-5-9,91.23,93.06,80.39,91.16,363434000,8341490000,2
20434,2017-5-8,93.75,95.14,89.51,91.42,231344000,8569060000,2
20435,2017-5-7,97.87,98.24,89.87,94.01,183295000,8942950000,2
20436,2017-5-6,94.91,97.88,90.95,97.81,151462000,8669910000,2
20437,2017-5-5,96.73,103.23,92.22,94.40,331928000,8833520000,2
20438,2017-5-4,79.72,97.56,79.43,96.98,366847000,7277480000,2
20439,2017-5-3,77.25,80.10,75.76,79.72,141922000,7050050000,2
20440,2017-5-2,76.65,79.35,74.38,77.26,193773000,6992980000,2
20441,2017-5-1,79.32,82.52,73.09,76.30,376842000,7234070000,2
20442,2017-4-30,68.54,79.02,68.35,79.02,229945000,6248840000,2
20443,2017-4-29,71.39,71.90,66.78,68.38,165448000,6506490000,2
20444,2017-4-28,62.23,70.85,62.13,70.16,346546000,5669550000,2
20445,2017-4-27,52.81,62.17,52.29,62.17,246775000,4809630000,2
20446,2017-4-26,49.91,53.44,49.91,52.72,104884000,4544370000,2
20447,2017-4-25,50.07,50.30,49.81,49.89,38264600,4557870000,2
20448,2017-4-24,48.87,50.18,48.87,50.03,55580600,4446470000,2
20449,2017-4-23,48.59,48.89,48.17,48.49,36234000,4420040000,2
20450,2017-4-22,48.18,48.74,48.17,48.55,37357600,4381290000,2
20451,2017-4-21,49.64,49.66,48.14,48.22,45048300,4512610000,2
20452,2017-4-20,48.13,49.99,48.13,49.67,79600900,4373800000,2
20453,2017-4-19,50.73,50.95,47.26,48.31,76281000,4608260000,2
20454,2017-4-18,48.32,51.03,48.30,50.71,78748500,4387860000,2
20455,2017-4-17,48.66,48.75,48.05,48.30,44013300,4417310000,2
20456,2017-4-16,49.04,49.14,48.19,48.72,31343800,4450140000,2
20457,2017-4-15,47.65,49.57,47.18,49.10,66207800,4323100000,2
20458,2017-4-14,49.97,50.05,46.76,47.57,91674400,4531810000,2
20459,2017-4-13,46.31,50.91,46.31,50.22,157200000,4198420000,2
20460,2017-4-12,43.46,47.23,43.11,46.29,88045700,3938930000,2
20461,2017-4-11,43.50,44.25,43.30,43.41,38303300,3941100000,2
20462,2017-4-10,43.28,44.14,42.42,43.44,44061500,3919520000,2
20463,2017-4-9,44.28,44.49,42.89,43.27,55143000,4009010000,2
20464,2017-4-8,41.80,45.21,41.73,44.31,74138800,3783000000,2
20465,2017-4-7,42.87,44.04,41.65,42.16,81474700,3878210000,2
20466,2017-4-6,45.22,45.64,40.90,43.24,147120000,4089930000,2
20467,2017-4-5,44.66,47.84,44.54,45.30,119733000,4037940000,2
20468,2017-4-4,43.92,45.74,41.72,44.64,157568000,3969730000,2
20469,2017-4-3,48.82,48.82,43.41,44.36,190513000,4411030000,2
20470,2017-4-2,50.74,51.27,45.43,48.75,134604000,4582700000,2
20471,2017-4-1,50.03,51.93,48.88,50.70,92461900,4517510000,2
20472,2017-3-31,51.75,51.77,47.38,50.04,151416000,4671190000,2
20473,2017-3-30,53.12,53.31,51.87,52.21,86885700,4793280000,2
20474,2017-3-29,50.57,53.87,50.55,53.13,144998000,4561150000,2
20475,2017-3-28,49.71,50.96,49.15,50.77,97745300,4482160000,2
20476,2017-3-27,51.31,52.46,48.93,49.67,118978000,4624990000,2
20477,2017-3-26,50.77,51.80,49.28,50.52,106859000,4574540000,2
20478,2017-3-25,53.58,53.58,48.31,51.25,223059000,4825700000,2
20479,2017-3-24,43.64,54.14,43.21,53.11,297046000,3929230000,2
20480,2017-3-23,42.57,44.75,41.30,43.68,100724000,3831310000,2
20481,2017-3-22,43.12,43.52,39.69,42.34,113952000,3880120000,2
20482,2017-3-21,43.51,44.26,42.37,43.15,91265400,3913620000,2
20483,2017-3-20,44.83,46.23,42.44,43.39,154701000,4031270000,2
20484,2017-3-19,35.53,47.00,35.34,44.74,239430000,3193600000,2
20485,2017-3-18,46.87,46.87,31.70,34.16,262180000,4211830000,2
20486,2017-3-17,45.93,55.11,38.21,46.83,497534000,4125480000,2
20487,2017-3-16,35.36,47.17,35.36,46.35,454418000,3174750000,2
20488,2017-3-15,28.65,35.06,28.43,35.06,170344000,2571160000,2
20489,2017-3-14,28.57,29.93,27.32,28.65,101797000,2563700000,2
20490,2017-3-13,23.50,30.60,23.50,28.59,255488000,2108300000,2
20491,2017-3-12,21.46,23.44,21.38,23.44,74628900,1924660000,2
20492,2017-3-11,19.37,21.59,19.01,21.47,69150100,1736630000,2
20493,2017-3-10,17.74,19.66,17.68,19.33,87506800,1589640000,2
20494,2017-3-9,16.64,17.87,16.37,17.75,31418400,1490500000,2
20495,2017-3-8,18.88,18.88,16.65,16.65,44304600,1690760000,2
20496,2017-3-7,19.58,19.63,18.64,18.89,37972200,1752530000,2
20497,2017-3-6,19.28,20.10,19.11,19.61,32432700,1725360000,2
20498,2017-3-5,18.50,19.42,18.23,19.30,26816300,1655030000,2
20499,2017-3-4,19.52,20.05,18.62,18.62,27341900,1745140000,2
20500,2017-3-3,19.04,20.67,18.41,19.46,95863400,1702140000,2
20501,2017-3-2,17.36,19.35,16.95,19.03,83627100,1550750000,2
20502,2017-3-1,15.85,17.37,15.56,17.35,44927500,1415510000,2
20503,2017-2-28,15.45,16.06,15.12,15.82,65478900,1379600000,2
20504,2017-2-27,14.51,15.68,14.27,15.40,31667000,1294770000,2
20505,2017-2-26,13.52,14.54,13.40,14.52,20307500,1206150000,2
20506,2017-2-25,13.06,13.72,12.98,13.55,18533900,1165230000,2
20507,2017-2-24,13.13,13.23,12.88,13.07,19574400,1171110000,2
20508,2017-2-23,12.60,13.21,12.56,13.12,14522300,1122910000,2
20509,2017-2-22,12.69,12.76,12.55,12.60,10360900,1130460000,2
20510,2017-2-21,12.34,12.77,12.21,12.67,15183300,1099330000,2
20511,2017-2-20,12.77,12.90,12.43,12.43,12994400,1136610000,2
20512,2017-2-19,12.82,12.87,12.71,12.76,7799740,1140870000,2
20513,2017-2-18,12.71,12.83,12.68,12.81,9370010,1130750000,2
20514,2017-2-17,12.90,12.91,12.66,12.68,11636500,1147260000,2
20515,2017-2-16,12.92,12.92,12.54,12.90,38002600,1148860000,2
20516,2017-2-15,13.04,13.04,12.64,12.92,18464700,1159000000,2
20517,2017-2-14,11.29,13.33,11.29,13.03,42911500,1002810000,2
20518,2017-2-13,11.38,11.39,11.17,11.27,7216520,1011080000,2
20519,2017-2-12,11.35,11.40,11.30,11.40,6264900,1008030000,2
20520,2017-2-11,11.29,11.43,11.24,11.35,7544520,1002130000,2
20521,2017-2-10,11.04,11.34,10.78,11.28,11914200,979961000,2
20522,2017-2-9,11.44,11.60,10.67,11.03,18400300,1014280000,2
20523,2017-2-8,11.54,11.63,11.24,11.43,9688630,1023170000,2
20524,2017-2-7,11.43,11.61,11.41,11.52,7629640,1012620000,2
20525,2017-2-6,11.35,11.48,11.34,11.39,5695440,1005930000,2
20526,2017-2-5,11.44,11.49,11.32,11.35,5942960,1013400000,2
20527,2017-2-4,11.13,11.50,11.13,11.43,14139500,985277000,2
20528,2017-2-3,10.81,11.11,10.76,11.11,12897800,956944000,2
20529,2017-2-2,10.74,10.89,10.55,10.82,10172500,949793000,2
20530,2017-2-1,10.74,10.85,10.56,10.73,12852200,949969000,2
20531,2017-1-31,10.56,10.75,10.54,10.73,11648700,933975000,2
20532,2017-1-30,10.49,10.71,10.47,10.57,8042180,927415000,2
20533,2017-1-29,10.56,10.57,10.45,10.48,4689950,933087000,2
20534,2017-1-28,10.54,10.58,10.43,10.56,6580700,930688000,2
20535,2017-1-27,10.58,10.61,10.44,10.54,7189170,934404000,2
20536,2017-1-26,10.57,10.67,10.51,10.59,8465020,932575000,2
20537,2017-1-25,10.62,10.62,10.48,10.57,6751450,936769000,2
20538,2017-1-24,10.73,10.77,10.57,10.63,8327330,946083000,2
20539,2017-1-23,10.71,10.84,10.67,10.82,7267210,944159000,2
20540,2017-1-22,10.91,10.97,10.58,10.70,8678620,961463000,2
20541,2017-1-21,10.60,10.98,10.58,10.91,11937600,933405000,2
20542,2017-1-20,10.39,10.76,10.35,10.60,10992800,914696000,2
20543,2017-1-19,10.24,10.44,10.18,10.40,8347550,901484000,2
20544,2017-1-18,10.30,10.52,9.94,10.23,10788200,906079000,2
20545,2017-1-17,9.64,10.61,9.54,10.30,18391900,847981000,2
20546,2017-1-16,9.88,9.93,9.58,9.64,14937400,869126000,2
20547,2017-1-15,9.83,10.00,9.60,9.90,14837900,864037000,2
20548,2017-1-14,9.79,9.89,9.44,9.65,20085800,859971000,2
20549,2017-1-13,9.83,9.85,9.51,9.77,25066600,863241000,2
20550,2017-1-12,9.72,10.08,9.18,9.86,30453800,853638000,2
20551,2017-1-11,10.54,10.66,9.46,9.72,26823500,925320000,2
20552,2017-1-10,10.37,10.69,10.29,10.55,10879700,909897000,2
20553,2017-1-9,10.31,10.78,10.14,10.33,25718300,904682000,2
20554,2017-1-8,9.87,10.39,9.83,10.29,16676600,865667000,2
20555,2017-1-7,10.24,10.28,9.59,9.87,23153600,897636000,2
20556,2017-1-6,10.29,10.63,9.63,10.25,29471800,901249000,2
20557,2017-1-5,11.29,11.89,9.40,10.25,41557400,988599000,2
20558,2017-1-4,9.71,11.28,9.56,11.25,41051200,850115000,2
20559,2017-1-3,8.37,10.00,8.32,9.73,33625200,732988000,2
20560,2017-1-2,8.17,8.44,8.05,8.38,14579600,714900000,2
20561,2017-1-1,7.98,8.47,7.98,8.17,14731700,698149000,2
20562,2016-12-31,8.15,8.16,7.91,7.97,9066800,712662000,2
20563,2016-12-30,8.29,8.47,8.05,8.16,13909900,724528000,2
20564,2016-12-29,7.54,8.53,7.54,8.28,27543800,658674000,2
20565,2016-12-28,7.15,7.62,7.08,7.52,17453300,624359000,2
20566,2016-12-27,7.28,7.32,7.09,7.17,8778610,635260000,2
20567,2016-12-26,7.13,7.33,7.05,7.27,5836810,622439000,2
20568,2016-12-25,7.26,7.34,7.14,7.18,8671840,633792000,2
20569,2016-12-24,7.15,7.41,7.15,7.27,7626020,623759000,2
20570,2016-12-23,7.58,7.69,7.16,7.17,19613100,660546000,2
20571,2016-12-22,7.90,7.91,7.50,7.58,16376700,688380000,2
20572,2016-12-21,7.66,7.94,7.66,7.91,9393550,667625000,2
20573,2016-12-20,7.63,7.75,7.57,7.66,6313550,664772000,2
20574,2016-12-19,7.87,7.87,7.63,7.64,5894760,685054000,2
20575,2016-12-18,7.86,7.93,7.72,7.87,5890020,684028000,2
20576,2016-12-17,7.86,7.90,7.52,7.88,8502620,683357000,2
20577,2016-12-16,7.86,7.93,7.80,7.86,5178610,683399000,2
20578,2016-12-15,8.24,8.24,7.72,7.83,13184400,715861000,2
20579,2016-12-14,8.45,8.52,8.25,8.27,7337220,734382000,2
20580,2016-12-13,8.52,8.53,8.35,8.42,4486190,740099000,2
20581,2016-12-12,8.19,8.61,8.17,8.52,9119700,711348000,2
20582,2016-12-11,8.13,8.27,8.10,8.19,5545500,705363000,2
20583,2016-12-10,8.44,8.53,8.02,8.13,8108370,732173000,2
20584,2016-12-9,8.17,8.67,8.05,8.45,12916300,708468000,2
20585,2016-12-8,8.38,8.86,8.23,8.23,16042700,726878000,2
20586,2016-12-7,7.89,8.54,7.33,8.38,22229600,684258000,2
20587,2016-12-6,6.80,7.92,5.98,7.87,50671200,589548000,2
20588,2016-12-5,7.41,7.64,6.66,6.82,17344500,641820000,2
20589,2016-12-4,7.90,7.95,7.44,7.44,8450790,684258000,2
20590,2016-12-3,7.77,8.15,7.67,7.92,12112100,672138000,2
20591,2016-12-2,8.46,8.46,7.42,7.76,18579800,731520000,2
20592,2016-12-1,8.60,8.65,8.36,8.45,5882340,743882000,2
20593,2016-11-30,8.16,8.75,8.16,8.59,10626600,705040000,2
20594,2016-11-29,8.73,8.74,7.88,8.17,17000400,754307000,2
20595,2016-11-28,9.00,9.01,8.72,8.72,6046890,777311000,2
20596,2016-11-27,9.31,9.33,8.78,9.00,8707660,804085000,2
20597,2016-11-26,9.42,9.50,9.31,9.33,3505990,812795000,2
20598,2016-11-25,9.23,9.75,9.21,9.40,7669720,796268000,2
20599,2016-11-24,9.85,9.85,8.93,9.23,15987800,849229000,2
20600,2016-11-23,9.92,9.96,9.76,9.84,4812310,855265000,2
20601,2016-11-22,9.63,10.24,9.59,9.91,11284400,829616000,2
20602,2016-11-21,9.58,9.64,9.54,9.62,3663210,825381000,2
20603,2016-11-20,9.66,9.71,9.52,9.58,5173420,832050000,2
20604,2016-11-19,9.48,9.75,9.48,9.66,5186540,816380000,2
20605,2016-11-18,9.99,10.01,9.48,9.48,10816100,859571000,2
20606,2016-11-17,10.06,10.19,9.92,9.99,6984700,865393000,2
20607,2016-11-16,10.22,10.33,9.93,10.06,9533550,878610000,2
20608,2016-11-15,9.97,10.32,9.85,10.22,6557550,857223000,2
20609,2016-11-14,10.10,10.16,9.96,9.97,3573250,867755000,2
20610,2016-11-13,9.89,10.41,9.84,10.10,8227770,849342000,2
20611,2016-11-12,10.29,10.34,9.70,9.88,10052500,883780000,2
20612,2016-11-11,10.51,10.57,10.26,10.29,6056300,902479000,2
20613,2016-11-10,10.67,10.68,10.51,10.52,4253980,915940000,2
20614,2016-11-9,10.82,10.83,10.22,10.66,14606600,928063000,2
20615,2016-11-8,10.85,10.92,10.74,10.83,6258150,930345000,2
20616,2016-11-7,10.90,10.96,10.78,10.81,5992480,934536000,2
20617,2016-11-6,10.99,11.25,10.85,10.87,5688710,941729000,2
20618,2016-11-5,11.09,11.24,10.88,11.00,5502670,950213000,2
20619,2016-11-4,10.82,11.12,10.82,11.09,9958040,926129000,2
20620,2016-11-3,10.80,11.11,10.76,10.80,15228600,924097000,2
20621,2016-11-2,10.77,11.16,10.69,10.75,11691700,921691000,2
20622,2016-11-1,10.96,11.18,10.30,10.77,22901300,937123000,2
20623,2016-10-31,11.23,11.50,10.94,11.00,13393900,960008000,2
20624,2016-10-30,10.43,11.45,10.29,11.18,16694900,891164000,2
20625,2016-10-29,11.10,11.20,9.56,10.44,27070400,948271000,2
20626,2016-10-28,11.47,11.58,10.95,11.09,13971500,979916000,2
20627,2016-10-27,11.53,11.61,11.26,11.50,13255400,984361000,2
20628,2016-10-26,11.38,11.66,11.38,11.53,10221800,971440000,2
20629,2016-10-25,11.97,11.99,11.15,11.41,19316000,1020850000,2
20630,2016-10-24,12.04,12.10,11.91,11.97,5739690,1026400000,2
20631,2016-10-23,12.13,12.14,11.94,12.04,5774660,1033970000,2
20632,2016-10-22,12.18,12.19,11.95,12.07,7583820,1037850000,2
20633,2016-10-21,12.13,12.21,12.02,12.18,5676920,1033140000,2
20634,2016-10-20,12.05,12.29,12.00,12.10,8170760,1025620000,2
20635,2016-10-19,12.59,12.62,11.91,12.02,10576200,1071710000,2
20636,2016-10-18,12.00,12.93,12.00,12.59,18864200,1020530000,2
20637,2016-10-17,11.96,12.03,11.86,12.01,5724440,1016710000,2
20638,2016-10-16,11.98,12.01,11.93,11.95,3617280,1018540000,2
20639,2016-10-15,11.94,12.00,11.78,11.98,4991840,1014280000,2
20640,2016-10-14,11.99,12.07,11.90,11.94,4333510,1018390000,2
20641,2016-10-13,11.91,12.13,11.78,11.96,8665190,1011190000,2
20642,2016-10-12,11.78,12.07,11.71,11.93,9694640,1000220000,2
20643,2016-10-11,11.76,12.16,11.75,11.79,11727700,997949000,2
20644,2016-10-10,12.06,12.06,11.62,11.76,10809200,1022860000,2
20645,2016-10-9,12.22,12.36,11.98,12.05,7208480,1035590000,2
20646,2016-10-8,12.67,12.69,12.05,12.22,11611200,1073990000,2
20647,2016-10-7,12.85,12.99,12.53,12.67,8933050,1088570000,2
20648,2016-10-6,13.03,13.14,12.69,12.85,12044800,1102940000,2
20649,2016-10-5,13.28,13.35,13.04,13.04,9881370,1124270000,2
20650,2016-10-4,13.45,13.53,13.21,13.28,8348280,1137980000,2
20651,2016-10-3,13.20,13.49,13.19,13.45,7458320,1116600000,2
20652,2016-10-2,13.18,13.30,13.14,13.20,4079660,1114200000,2
20653,2016-10-1,13.20,13.31,13.05,13.17,6331160,1115690000,2
20654,2016-9-30,13.08,13.34,13.02,13.22,5950840,1104530000,2
20655,2016-9-29,13.28,13.34,13.07,13.07,5990630,1121060000,2
20656,2016-9-28,13.11,13.48,13.08,13.27,10239000,1106330000,2
20657,2016-9-27,12.86,13.21,12.86,13.10,6831070,1085330000,2
20658,2016-9-26,13.17,13.17,12.74,12.82,7213070,1110700000,2
20659,2016-9-25,12.85,13.11,12.80,13.10,5283440,1083510000,2
20660,2016-9-24,13.32,13.34,12.68,12.88,9824880,1122670000,2
20661,2016-9-23,13.21,13.45,13.10,13.33,9166430,1112590000,2
20662,2016-9-22,13.66,13.66,12.48,13.25,27382800,1150650000,2
20663,2016-9-21,14.43,14.43,13.17,13.77,28645000,1214950000,2
20664,2016-9-20,13.21,14.43,13.12,14.43,31929100,1111810000,2
20665,2016-9-19,12.44,13.19,12.42,13.19,13838800,1045870000,2
20666,2016-9-18,12.69,12.99,12.16,12.43,22433300,1066620000,2
20667,2016-9-17,12.56,12.76,12.44,12.70,7446610,1055440000,2
20668,2016-9-16,11.96,12.75,11.90,12.56,17421500,1004740000,2
20669,2016-9-15,11.94,12.14,11.92,11.94,7309090,1002970000,2
20670,2016-9-14,11.90,12.00,11.86,11.92,5694820,999352000,2
20671,2016-9-13,11.89,12.09,11.88,11.92,11704300,997638000,2
20672,2016-9-12,11.64,11.95,11.61,11.89,7478080,976645000,2
20673,2016-9-11,12.21,12.21,11.59,11.64,8791180,1023640000,2
20674,2016-9-10,11.66,12.22,11.54,12.17,7220300,977515000,2
20675,2016-9-9,11.41,11.68,11.39,11.65,6109200,956210000,2
20676,2016-9-8,11.55,11.70,11.25,11.35,11535000,967010000,2
20677,2016-9-7,11.69,11.73,11.52,11.55,6115050,979087000,2
20678,2016-9-6,11.73,11.73,11.47,11.69,6346330,981303000,2
20679,2016-9-5,11.68,11.81,11.59,11.72,5724100,977169000,2
20680,2016-9-4,11.75,11.79,11.47,11.68,7220550,982952000,2
20681,2016-9-3,12.11,12.36,11.35,11.76,13358800,1012580000,2
20682,2016-9-2,11.96,12.31,11.88,12.11,9368300,999757000,2
20683,2016-9-1,11.67,12.58,11.65,11.99,24051500,974844000,2
20684,2016-8-31,11.24,11.68,11.18,11.67,11073700,938406000,2
20685,2016-8-30,10.99,11.30,10.96,11.23,7221260,917474000,2
20686,2016-8-29,10.92,11.15,10.79,10.98,8130540,910698000,2
20687,2016-8-28,11.15,11.15,10.92,10.93,5303040,929690000,2
20688,2016-8-27,11.29,11.29,11.14,11.15,15108400,941585000,2
20689,2016-8-26,11.35,11.45,11.21,11.30,5857850,946092000,2
20690,2016-8-25,11.03,11.39,11.02,11.36,8552380,918977000,2
20691,2016-8-24,11.02,11.15,11.01,11.04,4423420,918039000,2
20692,2016-8-23,11.14,11.23,10.90,11.03,6489380,927065000,2
20693,2016-8-22,11.19,11.34,11.07,11.12,6588920,930708000,2
20694,2016-8-21,11.25,11.25,10.99,11.18,4355660,936015000,2
20695,2016-8-20,10.75,11.30,10.75,11.25,7443540,893814000,2
20696,2016-8-19,10.75,10.80,10.73,10.75,5390850,893156000,2
20697,2016-8-18,10.75,11.01,10.74,10.76,6935800,892903000,2
20698,2016-8-17,11.13,11.15,10.75,10.75,8833760,924591000,2
20699,2016-8-16,11.23,11.24,11.00,11.14,7051510,932162000,2
20700,2016-8-15,11.20,11.31,11.00,11.22,7500840,929558000,2
20701,2016-8-14,11.58,11.69,11.10,11.19,8680160,960855000,2
20702,2016-8-13,11.77,11.79,11.51,11.57,7539490,975999000,2
20703,2016-8-12,11.69,12.04,11.64,11.78,13690100,968865000,2
20704,2016-8-11,12.14,12.27,11.63,11.69,17505000,1005720000,2
20705,2016-8-10,12.23,12.46,11.98,12.14,28096300,1012910000,2
20706,2016-8-9,11.27,12.45,11.20,12.24,36656600,933431000,2
20707,2016-8-8,10.91,11.33,10.86,11.25,14956700,903184000,2
20708,2016-8-7,10.86,11.09,10.78,10.91,16551000,898340000,2
20709,2016-8-6,10.92,10.94,10.29,10.88,16712600,902752000,2
20710,2016-8-5,11.02,11.18,10.76,10.93,15487900,910856000,2
20711,2016-8-4,10.31,11.29,10.16,11.04,38151400,851992000,2
20712,2016-8-3,8.88,10.42,8.88,10.29,53979400,733204000,2
20713,2016-8-2,10.95,11.14,8.20,8.79,88803300,903978000,2
20714,2016-8-1,11.89,12.01,10.94,10.94,23999500,981735000,2
20715,2016-7-31,12.44,12.51,11.55,11.88,25441400,1026310000,2
20716,2016-7-30,12.80,12.80,12.46,12.46,9047810,1055410000,2
20717,2016-7-29,12.84,12.87,12.55,12.79,14082300,1058220000,2
20718,2016-7-28,12.98,12.99,12.49,12.84,24603900,1069560000,2
20719,2016-7-27,12.05,13.31,11.84,12.97,58278800,992645000,2
20720,2016-7-26,13.82,13.85,11.73,11.99,94428800,1137660000,2
20721,2016-7-25,12.74,13.86,12.68,13.84,36673800,1048920000,2
20722,2016-7-24,14.30,14.44,12.32,12.75,77750800,1176250000,2
20723,2016-7-23,14.67,14.90,14.05,14.30,32489700,1206190000,2
20724,2016-7-22,12.66,14.81,12.54,14.66,74779500,1040640000,2
20725,2016-7-21,12.46,12.71,11.99,12.65,24636900,1024000000,2
20726,2016-7-20,11.59,12.99,11.57,12.45,60226100,952143000,2
20727,2016-7-19,11.05,12.01,11.01,11.62,21730000,907135000,2
20728,2016-7-18,11.17,11.61,10.95,11.03,15931900,917151000,2
20729,2016-7-17,11.62,11.67,11.01,11.16,17921600,953762000,2
20730,2016-7-16,11.92,11.94,11.59,11.65,10445700,977658000,2
20731,2016-7-15,11.50,12.43,11.49,11.95,26838900,942817000,2
20732,2016-7-14,10.60,11.68,10.60,11.51,23621900,868509000,2
20733,2016-7-13,10.51,10.59,10.40,10.50,6715660,860770000,2
20734,2016-7-12,10.45,10.76,10.43,10.52,11127700,855555000,2
20735,2016-7-11,10.94,11.01,10.26,10.46,13098000,895670000,2
20736,2016-7-10,10.96,11.01,10.78,10.95,5479240,896899000,2
20737,2016-7-9,11.42,11.46,10.73,10.97,17254800,933946000,2
20738,2016-7-8,10.12,11.52,9.96,11.39,20039800,827090000,2
20739,2016-7-7,10.54,10.57,9.80,10.11,15407200,861144000,2
20740,2016-7-6,10.58,11.11,10.28,10.53,18137300,864063000,2
20741,2016-7-5,11.46,11.52,9.58,10.61,45526900,935730000,2
20742,2016-7-4,11.70,11.88,11.39,11.47,12943500,954849000,2
20743,2016-7-3,12.12,12.15,11.59,11.72,10588700,989132000,2
20744,2016-7-2,12.22,12.22,11.95,12.13,8987070,996510000,2
20745,2016-7-1,12.44,12.49,11.73,12.20,17236500,1014220000,2
20746,2016-6-30,12.60,12.74,12.25,12.46,15801300,1027260000,2
20747,2016-6-29,12.17,13.04,11.69,12.61,26982800,991926000,2
20748,2016-6-28,13.93,13.98,11.72,12.18,43436600,1134340000,2
20749,2016-6-27,13.81,14.12,13.75,13.88,10994700,1124170000,2
20750,2016-6-26,14.26,14.37,13.66,13.85,14747600,1160590000,2
20751,2016-6-25,14.30,14.58,14.02,14.28,15383100,1163530000,2
20752,2016-6-24,13.68,14.57,13.22,14.33,33332900,1112590000,2
20753,2016-6-23,13.22,13.79,12.56,13.68,30806400,1074240000,2
20754,2016-6-22,13.20,15.79,13.10,13.10,96994100,1072510000,2
20755,2016-6-21,11.82,13.42,11.29,13.31,69245600,960014000,2
20756,2016-6-20,12.24,12.45,10.52,11.84,58143600,993503000,2
20757,2016-6-19,11.17,13.18,10.64,12.23,69783600,906292000,2
20758,2016-6-18,15.38,15.38,9.96,11.33,133937000,1247530000,2
20759,2016-6-17,20.65,21.52,13.57,15.38,199408000,1674540000,2
20760,2016-6-16,18.36,20.83,18.36,20.59,38531000,1488420000,2
20761,2016-6-15,18.91,18.91,17.71,18.35,19393400,1531790000,2
20762,2016-6-14,17.61,19.27,17.30,18.89,64412200,1426500000,2
20763,2016-6-13,15.77,17.64,15.72,17.60,38023400,1276930000,2
20764,2016-6-12,14.19,15.90,14.19,15.74,38210300,1148070000,2
20765,2016-6-11,13.91,14.19,13.72,14.19,12176500,1125180000,2
20766,2016-6-10,14.38,14.43,13.82,13.91,11312900,1162500000,2
20767,2016-6-9,14.43,14.57,14.34,14.40,8256830,1166450000,2
20768,2016-6-8,14.51,14.78,14.28,14.42,16941800,1172230000,2
20769,2016-6-7,13.95,14.51,13.81,14.51,21421600,1126330000,2
20770,2016-6-6,14.00,14.06,13.73,13.93,8720400,1130350000,2
20771,2016-6-5,13.76,14.07,13.57,13.97,11088400,1110690000,2
20772,2016-6-4,13.86,13.95,13.42,13.74,15792400,1118460000,2
20773,2016-6-3,13.74,13.87,13.25,13.85,22981500,1108220000,2
20774,2016-6-2,13.99,14.05,13.63,13.74,10477200,1127830000,2
20775,2016-6-1,14.11,14.32,13.44,14.00,22471300,1136900000,2
20776,2016-5-31,12.74,14.27,12.64,14.08,42433400,1026410000,2
20777,2016-5-30,12.33,12.88,12.27,12.73,14733800,992329000,2
20778,2016-5-29,12.11,12.69,11.78,12.35,28598400,974784000,2
20779,2016-5-28,11.33,12.36,10.37,11.89,47274800,911724000,2
20780,2016-5-27,12.39,12.39,10.50,11.30,57496400,996293000,2
20781,2016-5-26,12.52,12.99,12.06,12.43,20764000,1006080000,2
20782,2016-5-25,12.79,12.90,11.77,12.53,27444700,1027940000,2
20783,2016-5-24,13.31,13.77,12.01,12.73,41560600,1068670000,2
20784,2016-5-23,14.28,14.49,13.19,13.46,23842800,1146470000,2
20785,2016-5-22,14.04,14.35,13.77,14.29,17938900,1126810000,2
20786,2016-5-21,13.69,14.05,13.12,14.02,24648400,1098220000,2
20787,2016-5-20,14.85,15.05,13.38,13.64,50544100,1191080000,2
20788,2016-5-19,13.54,14.87,13.34,14.77,53757500,1085570000,2
20789,2016-5-18,12.18,14.26,12.18,13.56,65389900,975878000,2
20790,2016-5-17,11.19,12.49,11.15,12.20,37198700,896505000,2
20791,2016-5-16,9.97,11.44,9.97,11.17,29079900,798116000,2
20792,2016-5-15,10.24,10.44,9.93,9.96,9218400,819399000,2
20793,2016-5-14,10.51,10.62,9.81,10.24,18808000,840395000,2
20794,2016-5-13,10.06,11.05,10.02,10.51,31276900,804647000,2
20795,2016-5-12,10.00,10.51,9.86,10.06,24137700,798952000,2
20796,2016-5-11,9.43,10.01,9.39,10.00,15267500,753600000,2
20797,2016-5-10,9.28,9.48,9.26,9.36,9321790,741417000,2
20798,2016-5-9,9.49,9.64,9.20,9.30,13085300,758000000,2
20799,2016-5-8,9.37,9.60,8.93,9.48,15031000,748030000,2
20800,2016-5-7,9.32,9.48,9.21,9.37,10806500,743166000,2
20801,2016-5-6,9.81,9.95,9.04,9.35,21510600,782261000,2
20802,2016-5-5,9.40,10.05,9.29,9.83,18296200,749038000,2
20803,2016-5-4,9.38,10.03,9.27,9.41,17622400,747638000,2
20804,2016-5-3,10.17,10.17,9.28,9.31,21463900,809644000,2
20805,2016-5-2,8.89,10.32,8.85,10.16,41019200,708137000,2
20806,2016-5-1,8.78,9.01,8.43,8.85,16713800,698377000,2
20807,2016-4-30,7.45,9.37,7.45,8.81,36573300,592992000,2
20808,2016-4-29,7.21,7.73,7.17,7.46,8762080,573124000,2
20809,2016-4-28,7.74,7.91,7.17,7.17,11576000,615316000,2
20810,2016-4-27,7.39,7.97,7.32,7.76,19254500,587076000,2
20811,2016-4-26,7.53,7.55,7.06,7.40,17667300,597819000,2
20812,2016-4-25,8.01,8.09,7.24,7.55,18239900,635784000,2
20813,2016-4-24,8.29,8.47,7.96,8.00,10786400,658203000,2
20814,2016-4-23,7.79,8.55,7.74,8.29,14565200,618147000,2
20815,2016-4-22,8.15,8.27,7.67,7.82,13309300,646298000,2
20816,2016-4-21,8.45,8.72,7.96,8.10,13355400,670104000,2
20817,2016-4-20,8.69,8.83,8.31,8.47,15634700,688434000,2
20818,2016-4-19,9.08,9.31,8.60,8.71,12899100,718825000,2
20819,2016-4-18,9.33,9.51,8.50,9.04,21084100,738916000,2
20820,2016-4-17,8.62,9.70,8.56,9.31,24619600,682467000,2
20821,2016-4-16,8.24,8.65,8.11,8.61,9888460,651554000,2
20822,2016-4-15,8.39,8.62,8.10,8.24,12179000,663169000,2
20823,2016-4-14,8.08,8.76,8.02,8.39,13590700,638330000,2
20824,2016-4-13,7.44,8.72,7.07,8.04,31403300,587994000,2
20825,2016-4-12,8.64,8.64,7.15,7.44,23190100,682395000,2
20826,2016-4-11,8.94,8.95,8.00,8.64,15138100,706074000,2
20827,2016-4-10,9.15,9.22,7.46,8.94,42613400,722133000,2
20828,2016-4-9,9.69,10.09,9.07,9.15,16194800,764797000,2
20829,2016-4-8,10.08,10.39,9.66,9.72,14660600,794705000,2
20830,2016-4-7,10.70,10.81,9.95,10.07,13464500,843091000,2
20831,2016-4-6,10.45,10.97,10.28,10.69,16997100,823420000,2
20832,2016-4-5,11.21,11.21,10.13,10.44,20557300,883170000,2
20833,2016-4-4,11.62,11.62,11.02,11.16,9599070,914560000,2
20834,2016-4-3,11.63,11.71,11.51,11.62,5580550,915175000,2
20835,2016-4-2,11.63,11.69,11.40,11.60,8682620,914995000,2
20836,2016-4-1,11.40,11.85,11.40,11.66,11373100,896537000,2
20837,2016-3-31,11.92,12.01,11.32,11.40,14966700,936992000,2
20838,2016-3-30,11.61,12.18,11.47,11.95,19351200,911902000,2
20839,2016-3-29,11.75,11.91,11.35,11.66,17684200,923114000,2
20840,2016-3-28,10.43,11.86,10.41,11.67,23188300,819007000,2
20841,2016-3-27,10.99,11.05,10.11,10.42,16744800,862211000,2
20842,2016-3-26,10.77,11.18,10.59,10.97,9425480,844742000,2
20843,2016-3-25,11.26,11.37,10.53,10.74,13782000,883012000,2
20844,2016-3-24,12.44,12.50,10.80,11.23,26081800,975295000,2
20845,2016-3-23,11.33,12.43,11.24,12.42,19353200,887595000,2
20846,2016-3-22,11.88,12.03,11.18,11.27,19730300,929610000,2
20847,2016-3-21,10.30,12.01,10.16,11.86,28572600,805997000,2
20848,2016-3-20,10.52,10.90,9.57,10.32,17651100,822297000,2
20849,2016-3-19,11.20,11.20,9.78,10.53,26735700,875689000,2
20850,2016-3-18,11.11,11.18,8.52,11.00,53956800,867949000,2
20851,2016-3-17,12.56,12.64,10.44,11.08,41650600,977389000,2
20852,2016-3-16,13.02,13.73,12.50,12.52,24335500,1013020000,2
20853,2016-3-15,13.00,13.20,12.05,13.01,28404500,1011090000,2
20854,2016-3-14,14.51,15.01,11.58,12.45,58385100,1128180000,2
20855,2016-3-13,13.51,15.26,13.47,14.47,43915100,1049930000,2
20856,2016-3-12,11.13,13.53,11.09,13.53,48957300,864733000,2
20857,2016-3-11,11.22,11.60,10.39,11.08,21002700,871511000,2
20858,2016-3-10,11.88,12.24,10.99,11.30,26851500,922452000,2
20859,2016-3-9,9.79,12.05,9.67,11.90,27540500,760017000,2
20860,2016-3-8,9.58,10.17,8.82,9.85,25524300,743456000,2
20861,2016-3-7,11.43,11.65,9.31,9.55,34085100,886447000,2
20862,2016-3-6,11.20,11.84,9.99,11.38,39112000,868736000,2
20863,2016-3-5,10.37,12.27,9.97,11.00,56439600,803827000,2
20864,2016-3-4,9.24,10.41,8.48,10.41,35520100,716027000,2
20865,2016-3-3,8.44,10.10,8.33,9.29,40314900,653959000,2
20866,2016-3-2,7.63,8.75,7.37,8.47,29130200,591078000,2
20867,2016-3-1,6.32,7.91,6.31,7.65,23098100,489188000,2
20868,2016-2-29,6.46,6.61,6.05,6.34,7648020,499587000,2
20869,2016-2-28,6.41,6.62,6.24,6.47,9851660,495545000,2
20870,2016-2-27,5.96,6.53,5.92,6.43,8903210,461169000,2
20871,2016-2-26,6.04,6.27,5.74,5.92,9526860,466797000,2
20872,2016-2-25,6.19,6.65,5.55,6.10,21471800,478149000,2
20873,2016-2-24,5.60,6.24,5.51,6.24,11426500,432977000,2
20874,2016-2-23,5.68,5.95,5.39,5.59,13380600,439084000,2
20875,2016-2-22,4.66,5.65,4.64,5.62,15056200,360185000,2
20876,2016-2-21,4.36,4.71,4.23,4.65,6413550,336572000,2
20877,2016-2-20,4.68,4.75,4.13,4.34,8631090,361281000,2
20878,2016-2-19,4.38,4.79,4.27,4.74,7666320,338222000,2
20879,2016-2-18,3.77,4.77,3.42,4.40,17054000,291068000,2
20880,2016-2-17,4.29,4.77,3.50,3.76,15451000,330635000,2
20881,2016-2-16,5.33,5.47,4.03,4.32,15889100,410605000,2
20882,2016-2-15,5.33,5.89,5.02,5.29,13934200,410643000,2
20883,2016-2-14,5.40,5.47,4.45,5.24,11226500,416193000,2
20884,2016-2-13,5.69,5.72,4.19,5.39,24218800,437667000,2
20885,2016-2-12,5.95,6.58,5.07,5.55,23360800,457618000,2
20886,2016-2-11,4.50,6.29,4.34,6.01,26408200,345964000,2
20887,2016-2-10,4.00,4.86,3.78,4.44,28640400,307684000,2
20888,2016-2-9,3.17,4.04,3.17,4.04,17954000,244110000,2
20889,2016-2-8,2.97,3.27,2.88,3.18,9725690,228504000,2
20890,2016-2-7,2.54,3.06,2.54,2.96,7007060,194884000,2
20891,2016-2-6,2.53,2.56,2.47,2.53,1921240,194621000,2
20892,2016-2-5,2.57,2.61,2.47,2.54,2636700,197363000,2
20893,2016-2-4,2.53,2.63,2.44,2.58,3552320,194126000,2
20894,2016-2-3,2.43,2.54,2.34,2.53,3987750,186609000,2
20895,2016-2-2,2.22,2.45,2.16,2.44,3451270,169923000,2
20896,2016-2-1,2.32,2.32,2.12,2.21,3994100,177881000,2
20897,2016-1-31,2.44,2.53,2.19,2.31,5847500,187289000,2
20898,2016-1-30,2.51,2.61,2.40,2.45,3725080,192176000,2
20899,2016-1-29,2.54,2.61,2.30,2.49,6662340,194815000,2
20900,2016-1-28,2.41,2.68,2.34,2.53,4903850,184294000,2
20901,2016-1-27,2.25,2.59,2.19,2.39,6961080,172061000,2
20902,2016-1-26,2.53,2.84,1.99,2.28,13939200,193838000,2
20903,2016-1-25,2.15,2.66,2.06,2.50,10739300,164313000,2
20904,2016-1-24,1.90,2.30,1.90,2.14,9669770,145358000,2
20905,2016-1-23,1.50,2.03,1.50,1.97,7370980,115002000,2
20906,2016-1-22,1.55,1.58,1.47,1.50,1567240,118244000,2
20907,2016-1-21,1.53,1.59,1.49,1.55,1614960,117111000,2
20908,2016-1-20,1.36,1.62,1.35,1.53,2933220,104124000,2
20909,2016-1-19,1.42,1.46,1.31,1.37,2446740,108628000,2
20910,2016-1-18,1.33,1.54,1.32,1.43,4278930,101699000,2
20911,2016-1-17,1.22,1.33,1.21,1.33,1171150,93207300,2
20912,2016-1-16,1.22,1.31,1.17,1.22,2462630,93099400,2
20913,2016-1-15,1.18,1.32,1.14,1.21,3910550,90321700,2
20914,2016-1-14,1.12,1.19,1.10,1.19,751961,85539300,2
20915,2016-1-13,1.14,1.15,1.08,1.13,1005910,86530000,2
20916,2016-1-12,1.07,1.28,1.05,1.14,2898760,81217300,2
20917,2016-1-11,0.999216,1.07,0.999216,1.06,1011920,76096500,2
20918,2016-1-10,0.985557,1.00,0.975099,0.999231,390888,75031200,2
20919,2016-1-9,0.985501,0.992345,0.973600,0.986833,226281,75001800,2
20920,2016-1-8,0.942752,0.991825,0.939715,0.986789,545600,71724000,2
20921,2016-1-7,0.955801,0.974623,0.935830,0.942005,647462,72692900,2
20922,2016-1-6,0.950028,0.960659,0.935708,0.950860,308791,72229700,2
20923,2016-1-5,0.953147,0.970597,0.946543,0.950176,219833,72442400,2
20924,2016-1-4,0.972045,0.976438,0.929835,0.954480,346245,73853900,2
20925,2016-1-3,0.938430,0.991362,0.934313,0.971905,407632,71275900,2
20926,2016-1-2,0.947401,0.969637,0.936560,0.937124,255504,71933100,2
20927,2016-1-1,0.933712,0.954822,0.931442,0.948024,206062,70870900,2
20928,2015-12-31,0.912098,0.975414,0.910277,0.933542,663994,69207400,2
20929,2015-12-30,0.874258,0.941099,0.866647,0.911958,604078,66314200,2
20930,2015-12-29,0.843835,0.873054,0.833232,0.873054,215742,63985600,2
20931,2015-12-28,0.856356,0.872394,0.832932,0.845005,235134,64913200,2
20932,2015-12-27,0.853166,0.861538,0.841151,0.856365,164565,64650000,2
20933,2015-12-26,0.870766,0.897453,0.838314,0.854603,425282,65961900,2
20934,2015-12-25,0.861993,0.882556,0.861993,0.870363,187114,65275400,2
20935,2015-12-24,0.859433,0.882818,0.847600,0.863262,354646,65060000,2
20936,2015-12-23,0.861782,0.882940,0.856065,0.858077,334993,65215800,2
20937,2015-12-22,0.894973,0.909526,0.862059,0.864202,454249,67704600,2
20938,2015-12-21,0.906065,0.917390,0.891182,0.900771,549113,68521200,2
20939,2015-12-20,0.908240,0.943185,0.899441,0.903885,472164,68663100,2
20940,2015-12-19,0.921524,0.925874,0.888916,0.908072,343535,69644200,2
20941,2015-12-18,0.938327,0.939493,0.908081,0.920127,300787,70890600,2
20942,2015-12-17,0.993043,0.997611,0.911807,0.940701,640765,74999300,2
20943,2015-12-16,1.02,1.02,0.974927,0.991182,320767,76791600,2
20944,2015-12-15,0.990589,1.03,0.982240,1.01,578618,74764100,2
20945,2015-12-14,0.956620,1.01,0.950178,0.993022,563436,72176400,2
20946,2015-12-13,0.971538,0.989394,0.937438,0.952884,273614,73276400,2
20947,2015-12-12,0.931196,1.05,0.928546,0.976973,1376280,70210000,2
20948,2015-12-11,0.839995,0.929762,0.819789,0.929762,801072,63312400,2
20949,2015-12-10,0.795590,0.861590,0.787291,0.840396,369589,59945000,2
20950,2015-12-9,0.824454,0.824454,0.770488,0.792167,624221,62098400,2
20951,2015-12-8,0.806024,0.823645,0.782328,0.822118,445903,60690400,2
20952,2015-12-7,0.836322,0.850791,0.787650,0.811264,520409,62950900,2
20953,2015-12-6,0.866417,0.882436,0.833115,0.835500,443608,65194900,2
20954,2015-12-5,0.841195,0.872821,0.824444,0.862438,232743,63276000,2
20955,2015-12-4,0.812082,0.859575,0.802373,0.840041,241278,61065700,2
20956,2015-12-3,0.818546,0.837664,0.785086,0.812143,539969,61530500,2
20957,2015-12-2,0.873171,0.878017,0.818924,0.821210,506307,65615700,2
20958,2015-12-1,0.878316,0.886736,0.853937,0.874800,652857,65980000,2
20959,2015-11-30,0.879951,0.895054,0.847696,0.873119,784439,66080400,2
20960,2015-11-29,0.914144,0.914153,0.860533,0.878614,448358,68625100,2
20961,2015-11-28,0.868102,0.929293,0.862122,0.915703,462464,65147000,2
20962,2015-11-27,0.882100,0.900051,0.860695,0.867951,403813,66174600,2
20963,2015-11-26,0.863273,0.903643,0.804360,0.884183,947473,64740900,2
20964,2015-11-25,0.893827,0.899493,0.851106,0.863537,622991,67010200,2
20965,2015-11-24,0.946442,0.948055,0.895931,0.900191,524195,70931100,2
20966,2015-11-23,0.967493,0.969057,0.933870,0.946969,441875,72484200,2
20967,2015-11-22,0.979765,0.984132,0.958982,0.968018,372173,73378800,2
20968,2015-11-21,0.928758,0.978743,0.920940,0.976140,455976,69535300,2
20969,2015-11-20,0.955735,0.955735,0.898576,0.924920,614335,71532500,2
20970,2015-11-19,0.988713,1.01,0.937498,0.955532,443528,73976100,2
20971,2015-11-18,0.993214,1.01,0.940516,0.993319,681104,74287700,2
20972,2015-11-17,0.924948,1.03,0.905794,1.01,1145440,69157900,2
20973,2015-11-16,0.906166,0.944732,0.891971,0.928962,620945,67730700,2
20974,2015-11-15,0.891217,0.921516,0.874957,0.906368,411848,66590200,2
20975,2015-11-14,0.905469,0.906113,0.876908,0.888812,372514,67631900,2
20976,2015-11-13,0.907722,0.917309,0.846023,0.904096,543671,67777000,2
20977,2015-11-12,0.796455,0.913919,0.763510,0.895711,806156,59448700,2
20978,2015-11-11,0.941296,0.945278,0.729775,0.791829,1278580,70236200,2
20979,2015-11-10,1.00,1.05,0.920968,0.934348,854581,74685300,2
20980,2015-11-9,1.03,1.11,0.945263,0.999278,2045290,76991800,2
20981,2015-11-8,0.915661,1.03,0.915661,1.03,1021460,68254300,2
20982,2015-11-7,0.923732,0.943787,0.863539,0.927974,890187,68833200,2
20983,2015-11-6,0.904772,0.989848,0.852929,0.926032,913666,67397100,2
20984,2015-11-5,0.900699,0.991259,0.860382,0.895637,1179840,67070700,2
20985,2015-11-4,1.01,1.04,0.725665,0.899050,3060340,75232400,2
20986,2015-11-3,0.994568,1.07,0.936615,1.01,1907690,74010000,2
20987,2015-11-2,1.06,1.10,0.953647,0.989789,1145200,78701400,2
20988,2015-11-1,0.920847,1.08,0.899082,1.06,588913,68477200,2
20989,2015-10-31,1.05,1.06,0.900171,0.916627,673892,77800300,2
20990,2015-10-30,1.21,1.35,0.968160,1.04,2429200,89857400,2
20991,2015-10-29,1.01,1.21,0.947374,1.21,2279240,74675600,2
20992,2015-10-28,0.870938,1.06,0.807857,1.00,2373050,64676600,2
20993,2015-10-27,0.708890,0.898172,0.708890,0.869641,1846370,52624300,2
20994,2015-10-26,0.619743,0.757517,0.597098,0.731317,1089120,45991300,2
20995,2015-10-25,0.563207,0.688192,0.561383,0.616039,635384,41781300,2
20996,2015-10-24,0.539681,0.577396,0.518688,0.563590,258356,40022100,2
20997,2015-10-23,0.566370,0.611743,0.504284,0.539657,878822,41986400,2
20998,2015-10-22,0.444988,0.619466,0.420991,0.567702,924822,32977300,2
20999,2015-10-21,0.431589,0.482988,0.420897,0.447329,609085,31973600,2
21000,2015-10-20,0.489629,0.501898,0.431648,0.434829,383921,36261200,2
21001,2015-10-19,0.517621,0.521546,0.480994,0.489014,243742,38321300,2
21002,2015-10-18,0.547913,0.552234,0.512861,0.517734,133690,40550400,2
21003,2015-10-17,0.534117,0.563460,0.526961,0.547178,313860,39515900,2
21004,2015-10-16,0.562593,0.568861,0.522533,0.536495,249891,41608900,2
21005,2015-10-15,0.523278,0.572714,0.514730,0.561878,371022,38688300,2
21006,2015-10-14,0.612240,0.612240,0.483974,0.522968,971664,45250600,2
21007,2015-10-13,0.627943,0.630240,0.599214,0.607655,303044,46395200,2
21008,2015-10-12,0.634515,0.657789,0.626030,0.626030,109567,46864200,2
21009,2015-10-11,0.627461,0.639506,0.618335,0.634963,102128,46327500,2
21010,2015-10-10,0.641187,0.649022,0.624374,0.627857,141555,47325200,2
21011,2015-10-9,0.655084,0.692296,0.632116,0.650628,386420,48334900,2
21012,2015-10-8,0.609501,0.633138,0.591971,0.621716,310266,44955900,2
21013,2015-10-7,0.650515,0.656301,0.602423,0.609388,218327,47964700,2
21014,2015-10-6,0.622218,0.653944,0.606230,0.650645,262674,45863300,2
21015,2015-10-5,0.666784,0.674438,0.624450,0.628643,234263,49131600,2
21016,2015-10-4,0.686343,0.693126,0.660716,0.668379,103497,50556000,2
21017,2015-10-3,0.678783,0.709204,0.675482,0.687171,163326,49981900,2
21018,2015-10-2,0.683732,0.691120,0.654605,0.678574,219318,50328700,2
21019,2015-10-1,0.734307,0.734307,0.655906,0.690215,596084,54032300,2
21020,2015-9-30,0.661192,0.746722,0.635861,0.738644,619926,48636600,2
21021,2015-9-29,0.579414,0.675830,0.558346,0.661146,913992,42607700,2
21022,2015-9-28,0.723715,0.725677,0.557062,0.582886,1320890,53201800,2
21023,2015-9-27,0.791277,0.791277,0.719169,0.720839,413801,58149600,2
21024,2015-9-26,0.737630,0.787544,0.709328,0.785964,369620,54188900,2
21025,2015-9-25,0.820031,0.825665,0.712745,0.736223,903457,60221400,2
21026,2015-9-24,0.896796,0.908571,0.793460,0.813610,842505,65836400,2
21027,2015-9-23,0.903560,0.908910,0.885136,0.893406,200541,66309600,2
21028,2015-9-22,0.919337,0.919337,0.865225,0.901796,487914,67444200,2
21029,2015-9-21,0.941496,0.957326,0.878301,0.919047,424039,69045900,2
21030,2015-9-20,0.881191,0.947741,0.873205,0.938445,508314,64600000,2
21031,2015-9-19,0.849603,0.911883,0.833784,0.882391,386988,62262700,2
21032,2015-9-18,0.874574,0.888102,0.833908,0.853685,484622,64071300,2
21033,2015-9-17,0.906865,0.909204,0.831132,0.874231,897940,66415200,2
21034,2015-9-16,0.941977,0.952698,0.901639,0.907175,615593,68963300,2
21035,2015-9-15,0.875189,1.05,0.875189,0.944410,703390,64052400,2
21036,2015-9-14,0.940566,0.949387,0.871760,0.875622,741085,68814400,2
21037,2015-9-13,1.04,1.04,0.902832,0.936003,644138,76193600,2
21038,2015-9-12,0.987228,1.11,0.969780,1.04,772430,72179000,2
21039,2015-9-11,1.16,1.17,0.940675,0.982978,1942600,85144300,2
21040,2015-9-10,1.21,1.22,1.14,1.17,662782,88230500,2
21041,2015-9-9,1.24,1.26,1.20,1.21,366748,90518300,2
21042,2015-9-8,1.25,1.28,1.23,1.24,427892,91020700,2
21043,2015-9-7,1.30,1.31,1.24,1.25,489014,94585300,2
21044,2015-9-6,1.34,1.37,1.29,1.30,491968,97625500,2
21045,2015-9-5,1.28,1.34,1.27,1.34,448453,93402300,2
21046,2015-9-4,1.26,1.30,1.24,1.27,474391,92234100,2
21047,2015-9-3,1.30,1.31,1.21,1.26,702991,94418700,2
21048,2015-9-2,1.35,1.35,1.26,1.29,883769,98504600,2
21049,2015-9-1,1.35,1.39,1.34,1.35,778862,98617200,2
21050,2015-8-31,1.32,1.40,1.20,1.36,1447180,96251000,2
21051,2015-8-30,1.18,1.37,1.17,1.32,1337650,86145900,2
21052,2015-8-29,1.19,1.21,1.15,1.18,375377,86887600,2
21053,2015-8-28,1.15,1.21,1.12,1.19,721872,83521700,2
21054,2015-8-27,1.17,1.19,1.14,1.15,686662,85106100,2
21055,2015-8-26,1.13,1.20,1.06,1.16,1056750,82384400,2
21056,2015-8-25,1.23,1.24,1.13,1.14,1307180,89321900,2
21057,2015-8-24,1.35,1.36,1.23,1.23,924920,97791600,2
21058,2015-8-23,1.38,1.41,1.30,1.35,1589300,99894500,2
21059,2015-8-22,1.40,1.48,1.35,1.38,948310,101404000,2
21060,2015-8-21,1.48,1.56,1.35,1.40,2020970,107266000,2
21061,2015-8-20,1.25,1.53,1.25,1.46,2843760,90809000,2
21062,2015-8-19,1.17,1.32,1.17,1.26,1486240,84663900,2
21063,2015-8-18,1.22,1.33,1.09,1.09,1485680,88143200,2
21064,2015-8-17,1.58,1.58,1.19,1.20,1942830,95819700,2
21065,2015-8-16,1.68,1.70,1.09,1.57,3550790,102028000,2
21066,2015-8-15,1.80,1.88,1.57,1.69,2554360,109160000,2
21067,2015-8-14,1.81,2.26,1.75,1.83,4637030,109594000,2
21068,2015-8-13,1.22,1.97,1.17,1.83,4068680,73935400,2
21069,2015-8-12,1.06,1.29,0.883608,1.22,2150620,64018400,2
21070,2015-8-11,0.708087,1.13,0.663235,1.07,1463100,42796500,2
21071,2015-8-10,0.713989,0.729854,0.636546,0.708448,405283,43130000,2
21072,2015-8-9,0.706136,0.879810,0.629191,0.701897,532170,42637600,2
21073,2015-8-8,2.79,2.80,0.714725,0.753325,674188,167911000,2
21074,2015-8-7,2.83,3.54,2.52,2.77,164329,-,2
