80001,2018-7-15,0.971662,1.01,0.970356,0.997094,28366900,2700760000,8
80002,2018-7-14,0.961708,0.979900,0.955050,0.973128,22712900,2673100000,8
80003,2018-7-13,0.963440,0.991447,0.957987,0.961322,32474300,2677910000,8
80004,2018-7-12,1.00,1.00,0.936267,0.961636,36982200,2780200000,8
80005,2018-7-11,0.953852,0.999492,0.949950,0.999492,38342100,2651260000,8
80006,2018-7-10,1.04,1.04,0.956973,0.957389,49124200,2894520000,8
80007,2018-7-9,1.08,1.09,1.04,1.04,41736600,3011290000,8
80008,2018-7-8,1.12,1.15,1.08,1.08,46201300,3121750000,8
80009,2018-7-7,1.06,1.12,1.04,1.12,47605100,2949640000,8
80010,2018-7-6,1.16,1.16,1.04,1.06,63128700,3220220000,8
80011,2018-7-5,1.21,1.21,1.12,1.16,64937700,3357140000,8
80012,2018-7-4,1.15,1.24,1.11,1.21,62147200,3184560000,8
80013,2018-7-3,1.16,1.22,1.13,1.14,72266900,3231510000,8
80014,2018-7-2,1.07,1.17,1.04,1.16,68270100,2976600000,8
80015,2018-7-1,1.01,1.08,0.989756,1.07,56746600,2806160000,8
80016,2018-6-30,0.964807,1.02,0.964807,1.01,47707100,2681710000,8
80017,2018-6-29,0.921988,0.975830,0.899270,0.962835,51143200,2562690000,8
80018,2018-6-28,0.987760,0.996574,0.908138,0.918937,41007900,2745510000,8
80019,2018-6-27,0.941155,1.00,0.930387,0.987045,44753100,2615970000,8
80020,2018-6-26,1.02,1.02,0.941916,0.943099,41734200,2839780000,8
80021,2018-6-25,0.978272,1.05,0.960835,1.02,56410300,2719140000,8
80022,2018-6-24,1.04,1.04,0.898118,0.978262,71093800,2883800000,8
80023,2018-6-23,0.982814,1.06,0.967091,1.04,55770200,2731760000,8
80024,2018-6-22,1.16,1.17,0.944571,0.979912,83652600,3218490000,8
80025,2018-6-21,1.16,1.18,1.14,1.16,47678800,3230770000,8
80026,2018-6-20,1.18,1.18,1.12,1.16,62804300,3276360000,8
80027,2018-6-19,1.18,1.24,1.16,1.18,67955700,3284960000,8
80028,2018-6-18,1.17,1.21,1.10,1.18,80223900,3259900000,8
80029,2018-6-17,1.20,1.21,1.17,1.17,51911900,3333740000,8
80030,2018-6-16,1.18,1.22,1.17,1.20,50766400,3291470000,8
80031,2018-6-15,1.28,1.30,1.17,1.19,66535900,3555160000,8
80032,2018-6-14,1.21,1.30,1.19,1.28,91436000,3367190000,8
80033,2018-6-13,1.26,1.28,1.16,1.21,90333500,3507680000,8
80034,2018-6-12,1.44,1.45,1.24,1.27,82151500,4001600000,8
80035,2018-6-11,1.37,1.46,1.33,1.45,75875700,3799430000,8
80036,2018-6-10,1.63,1.63,1.32,1.37,129431000,4525580000,8
80037,2018-6-9,1.71,1.74,1.63,1.63,73081400,4748190000,8
80038,2018-6-8,1.69,1.73,1.67,1.71,61671000,4708220000,8
80039,2018-6-7,1.70,1.74,1.68,1.70,67262200,4722100000,8
80040,2018-6-6,1.75,1.76,1.65,1.70,76212100,4863620000,8
80041,2018-6-5,1.73,1.78,1.67,1.75,85746200,4806010000,8
80042,2018-6-4,1.81,1.85,1.70,1.72,106403000,5024590000,8
80043,2018-6-3,1.89,2.00,1.79,1.81,158541000,5265140000,8
80044,2018-6-2,1.93,1.94,1.86,1.90,113447000,5368130000,8
80045,2018-6-1,1.76,1.94,1.72,1.93,145124000,4883300000,8
80046,2018-5-31,1.57,1.81,1.57,1.75,129956000,4372520000,8
80047,2018-5-30,1.59,1.64,1.52,1.57,81370200,4422060000,8
80048,2018-5-29,1.36,1.65,1.34,1.59,115233000,3766360000,8
80049,2018-5-28,1.46,1.47,1.35,1.35,54854700,4054940000,8
80050,2018-5-27,1.48,1.48,1.42,1.46,53187200,4103270000,8
80051,2018-5-26,1.49,1.54,1.46,1.48,47325400,4149500000,8
80052,2018-5-25,1.54,1.58,1.46,1.49,60063900,4266820000,8
80053,2018-5-24,1.49,1.55,1.40,1.53,69067300,4132770000,8
80054,2018-5-23,1.63,1.64,1.41,1.47,83679700,4542170000,8
80055,2018-5-22,1.73,1.74,1.62,1.63,50660600,4808820000,8
80056,2018-5-21,1.83,1.84,1.72,1.72,49624200,5079020000,8
80057,2018-5-20,1.75,1.84,1.74,1.83,47072900,4860710000,8
80058,2018-5-19,1.76,1.81,1.72,1.75,49493100,4889040000,8
80059,2018-5-18,1.72,1.78,1.66,1.76,59367100,4780970000,8
80060,2018-5-17,1.91,1.96,1.69,1.73,75466300,5295040000,8
80061,2018-5-16,2.00,2.00,1.82,1.90,80072000,5553330000,8
80062,2018-5-15,1.95,2.09,1.92,2.00,100872000,5415780000,8
80063,2018-5-14,2.01,2.02,1.84,1.95,83450300,5600020000,8
80064,2018-5-13,1.91,2.03,1.84,2.01,83447000,5320370000,8
80065,2018-5-12,1.85,1.96,1.71,1.90,109540000,5144830000,8
80066,2018-5-11,2.14,2.15,1.80,1.84,141573000,5944420000,8
80067,2018-5-10,2.28,2.31,2.14,2.14,83346900,6330510000,8
80068,2018-5-9,2.44,2.44,2.27,2.28,112923000,6788920000,8
80069,2018-5-8,2.26,2.59,2.25,2.45,333348000,6278590000,8
80070,2018-5-7,2.31,2.31,2.11,2.26,109952000,6407330000,8
80071,2018-5-6,2.38,2.51,2.21,2.30,114890000,6614280000,8
80072,2018-5-5,2.47,2.47,2.31,2.38,101642000,6852260000,8
80073,2018-5-4,2.58,2.59,2.35,2.47,150327000,7170930000,8
80074,2018-5-3,2.27,2.68,2.20,2.60,327371000,6312720000,8
80075,2018-5-2,1.99,2.31,1.94,2.26,166059000,5518050000,8
80076,2018-5-1,1.96,1.98,1.84,1.98,66547100,5444860000,8
80077,2018-4-30,2.04,2.05,1.94,1.96,61762500,5676530000,8
80078,2018-4-29,2.03,2.12,1.94,2.05,83230200,5649210000,8
80079,2018-4-28,1.89,2.09,1.89,2.04,71172500,5247860000,8
80080,2018-4-27,2.05,2.09,1.89,1.90,68547100,5684200000,8
80081,2018-4-26,1.79,2.05,1.73,2.04,84783800,4988450000,8
80082,2018-4-25,2.14,2.14,1.74,1.80,154365000,5939790000,8
80083,2018-4-24,2.13,2.21,2.12,2.15,97529200,5913730000,8
80084,2018-4-23,2.00,2.18,2.00,2.13,93462000,5564960000,8
80085,2018-4-22,1.92,2.10,1.89,2.01,95478200,5341490000,8
80086,2018-4-21,1.97,1.99,1.80,1.92,80024500,5481630000,8
80087,2018-4-20,1.77,2.00,1.74,1.97,109930000,4924960000,8
80088,2018-4-19,1.69,1.78,1.65,1.77,66210300,4684180000,8
80089,2018-4-18,1.55,1.70,1.55,1.69,58938900,4320330000,8
80090,2018-4-17,1.62,1.66,1.54,1.55,57495900,4499890000,8
80091,2018-4-16,1.66,1.69,1.52,1.62,83770400,4624260000,8
80092,2018-4-15,1.44,1.69,1.44,1.67,135481000,3992880000,8
80093,2018-4-14,1.31,1.45,1.29,1.43,47173200,3647790000,8
80094,2018-4-13,1.33,1.50,1.28,1.32,90093700,3707450000,8
80095,2018-4-12,1.07,1.38,1.04,1.34,81319300,2961960000,8
80096,2018-4-11,1.01,1.07,1.00,1.07,23924000,2801700000,8
80097,2018-4-10,0.990551,1.01,0.967799,1.01,21163200,2753270000,8
80098,2018-4-9,1.02,1.06,0.967257,0.989505,25263700,2842810000,8
80099,2018-4-8,0.981009,1.05,0.981009,1.02,23121200,2726750000,8
80100,2018-4-7,0.935452,1.01,0.934562,0.984719,13535500,2600120000,8
80101,2018-4-6,0.979734,0.995309,0.929204,0.935367,13385200,2723200000,8
80102,2018-4-5,0.990249,0.990948,0.941145,0.982953,19414000,2752430000,8
80103,2018-4-4,1.11,1.11,0.970967,0.990158,20877700,3079660000,8
80104,2018-4-3,1.03,1.12,1.03,1.11,30602800,2872410000,8
80105,2018-4-2,0.995176,1.06,0.990856,1.03,26124500,2766120000,8
80106,2018-4-1,1.08,1.10,0.956615,0.994798,35953200,3004660000,8
80107,2018-3-31,1.11,1.16,1.07,1.08,28350300,3088360000,8
80108,2018-3-30,1.09,1.14,1.05,1.11,37597100,3034950000,8
80109,2018-3-29,1.19,1.19,1.07,1.09,38707000,3315390000,8
80110,2018-3-28,1.17,1.24,1.16,1.19,24150200,3258650000,8
80111,2018-3-27,1.23,1.24,1.16,1.17,29726700,3431480000,8
80112,2018-3-26,1.32,1.33,1.18,1.24,32849900,3675430000,8
80113,2018-3-25,1.31,1.35,1.28,1.32,26291200,3654020000,8
80114,2018-3-24,1.35,1.41,1.33,1.33,29655100,3762660000,8
80115,2018-3-23,1.33,1.34,1.25,1.34,30507500,3684080000,8
80116,2018-3-22,1.37,1.41,1.27,1.33,35665500,3807750000,8
80117,2018-3-21,1.45,1.49,1.34,1.37,57554800,4037020000,8
80118,2018-3-20,1.33,1.52,1.30,1.44,67039500,3697640000,8
80119,2018-3-19,1.24,1.34,1.19,1.33,55966600,3437690000,8
80120,2018-3-18,1.14,1.29,1.06,1.23,111700000,3168980000,8
80121,2018-3-17,1.10,1.15,1.07,1.14,38853100,3066750000,8
80122,2018-3-16,1.10,1.15,1.03,1.10,29977700,3061520000,8
80123,2018-3-15,1.12,1.14,1.04,1.09,43235400,3119630000,8
80124,2018-3-14,1.31,1.37,1.11,1.12,45727000,3640500000,8
80125,2018-3-13,1.34,1.35,1.29,1.31,22675600,3712760000,8
80126,2018-3-12,1.39,1.42,1.28,1.34,27739400,3863920000,8
80127,2018-3-11,1.31,1.43,1.28,1.39,31315700,3629610000,8
80128,2018-3-10,1.40,1.47,1.29,1.31,31847500,3892330000,8
80129,2018-3-9,1.40,1.41,1.20,1.39,58591300,3881080000,8
80130,2018-3-8,1.53,1.55,1.39,1.40,35024800,4256700000,8
80131,2018-3-7,1.70,1.71,1.38,1.53,68445500,4721900000,8
80132,2018-3-6,1.87,1.89,1.66,1.70,61796200,5201320000,8
80133,2018-3-5,1.90,1.90,1.86,1.88,24413600,5272230000,8
80134,2018-3-4,1.86,1.91,1.81,1.89,28452300,5179190000,8
80135,2018-3-3,1.91,1.96,1.85,1.86,25861200,5305170000,8
80136,2018-3-2,1.98,2.01,1.86,1.92,27602600,5507790000,8
80137,2018-3-1,1.85,2.01,1.84,1.97,41523600,5152710000,8
80138,2018-2-28,1.97,2.02,1.85,1.86,39190300,5478340000,8
80139,2018-2-27,1.88,2.08,1.82,1.97,63311700,5217570000,8
80140,2018-2-26,1.82,1.90,1.77,1.87,43478500,5049480000,8
80141,2018-2-25,1.77,1.98,1.75,1.82,103799000,4916700000,8
80142,2018-2-24,1.75,1.80,1.65,1.78,41594100,4867920000,8
80143,2018-2-23,1.61,1.81,1.58,1.75,39323100,4480180000,8
80144,2018-2-22,1.75,1.86,1.58,1.62,53125800,4865110000,8
80145,2018-2-21,1.90,1.96,1.74,1.76,50765900,5270980000,8
80146,2018-2-20,2.09,2.12,1.88,1.91,49930400,5800510000,8
80147,2018-2-19,1.99,2.14,1.99,2.09,32581400,5521610000,8
80148,2018-2-18,2.20,2.21,1.98,1.98,43653800,6121620000,8
80149,2018-2-17,2.10,2.21,2.08,2.20,42149700,5842140000,8
80150,2018-2-16,2.12,2.18,2.00,2.10,44770200,5894520000,8
80151,2018-2-15,2.03,2.17,2.00,2.13,65315300,5635360000,8
80152,2018-2-14,1.82,2.03,1.79,2.03,53007600,5052450000,8
80153,2018-2-13,1.87,1.87,1.75,1.81,30056900,5211600000,8
80154,2018-2-12,1.71,1.91,1.71,1.87,36974300,4763780000,8
80155,2018-2-11,1.86,1.86,1.62,1.70,45356200,5165180000,8
80156,2018-2-10,1.96,2.13,1.79,1.86,68051900,5437920000,8
80157,2018-2-9,1.78,1.97,1.70,1.96,45992000,4953720000,8
80158,2018-2-8,1.61,1.85,1.61,1.78,51576300,4475690000,8
80159,2018-2-7,1.62,1.88,1.53,1.60,65922600,4491550000,8
80160,2018-2-6,1.48,1.70,1.20,1.62,101327000,4104810000,8
80161,2018-2-5,1.75,1.77,1.35,1.45,69213800,4867820000,8
80162,2018-2-4,1.98,2.07,1.64,1.74,59380900,5503780000,8
80163,2018-2-3,1.81,2.02,1.63,1.99,64062000,5023050000,8
80164,2018-2-2,1.90,1.92,1.41,1.81,118068000,5280740000,8
80165,2018-2-1,2.31,2.33,1.75,1.91,108876000,6419970000,8
80166,2018-1-31,2.22,2.34,2.18,2.31,48505200,6162980000,8
80167,2018-1-30,2.59,2.64,2.20,2.22,94218100,7195220000,8
80168,2018-1-29,2.52,2.58,2.40,2.58,60210600,7007530000,8
80169,2018-1-28,2.46,2.56,2.46,2.52,47752200,6830550000,8
80170,2018-1-27,2.38,2.49,2.37,2.45,43333600,6607670000,8
80171,2018-1-26,2.36,2.45,2.20,2.37,62216500,6558110000,8
80172,2018-1-25,2.46,2.59,2.34,2.37,56586500,6845150000,8
80173,2018-1-24,2.52,2.57,2.37,2.43,73441600,6998060000,8
80174,2018-1-23,2.47,2.62,2.24,2.50,81217500,6861570000,8
80175,2018-1-22,2.78,2.90,2.18,2.47,125555000,7738110000,8
80176,2018-1-21,3.01,3.01,2.64,2.77,94697300,8358740000,8
80177,2018-1-20,2.71,3.14,2.71,3.00,140378000,7530230000,8
80178,2018-1-19,2.75,2.93,2.56,2.70,103437000,7630760000,8
80179,2018-1-18,2.72,3.03,2.60,2.75,125440000,7559510000,8
80180,2018-1-17,2.60,2.92,1.99,2.72,239578000,7235510000,8
80181,2018-1-16,3.47,3.47,2.00,2.60,256703000,9646500000,8
80182,2018-1-15,3.72,3.76,3.48,3.48,94966600,10334400000,8
80183,2018-1-14,3.93,3.98,3.58,3.74,130318000,10937000000,8
80184,2018-1-13,3.70,4.10,3.70,3.94,198149000,10284600000,8
80185,2018-1-12,3.38,3.73,3.29,3.69,129802000,9393390000,8
80186,2018-1-11,3.78,3.82,3.18,3.37,245028000,10496300000,8
80187,2018-1-10,3.56,3.78,3.21,3.78,235594000,9883000000,8
80188,2018-1-9,3.84,3.92,3.45,3.54,200086000,10680500000,8
80189,2018-1-8,4.07,4.19,3.36,3.85,317248000,11314500000,8
80190,2018-1-7,3.95,4.58,3.93,4.07,249833000,10968300000,8
80191,2018-1-6,3.75,4.19,3.75,3.94,161228000,10436900000,8
80192,2018-1-5,4.06,4.20,3.66,3.75,219320000,11286600000,8
80193,2018-1-4,4.13,4.50,3.76,4.08,376974000,11466400000,8
80194,2018-1-3,4.00,4.19,3.90,4.13,203783000,11109700000,8
80195,2018-1-2,4.09,4.31,3.84,4.00,269750000,11363400000,8
80196,2018-1-1,3.56,4.36,3.42,3.97,256630000,9883750000,8
80197,2017-12-31,3.30,3.66,3.30,3.55,167521000,9182840000,8
80198,2017-12-30,3.70,3.72,3.01,3.34,245624000,10279700000,8
80199,2017-12-29,3.70,3.89,3.49,3.69,187729000,10270500000,8
80200,2017-12-28,3.72,3.75,3.33,3.68,217902000,10346000000,8
80201,2017-12-27,3.81,4.48,3.62,3.74,297053000,10593200000,8
80202,2017-12-26,3.49,3.82,3.49,3.80,178890000,9703070000,8
80203,2017-12-25,3.49,3.81,3.29,3.50,172138000,9704640000,8
80204,2017-12-24,3.61,3.64,2.95,3.48,278148000,10046100000,8
80205,2017-12-23,3.51,4.21,3.39,3.61,236435000,9763930000,8
80206,2017-12-22,5.08,5.11,2.80,3.45,826429000,14109700000,8
80207,2017-12-21,5.08,5.51,4.86,5.03,434568000,14120900000,8
80208,2017-12-20,5.37,5.52,4.69,5.09,611582000,14929000000,8
80209,2017-12-19,4.24,5.69,3.88,5.37,1117890000,11796300000,8
80210,2017-12-18,3.95,4.36,3.65,4.24,447675000,10977400000,8
80211,2017-12-17,3.65,4.04,3.48,3.93,354390000,10138000000,8
80212,2017-12-16,3.91,4.07,3.48,3.63,285374000,10876100000,8
80213,2017-12-15,3.77,4.06,3.37,3.90,427330000,10489600000,8
80214,2017-12-14,4.06,4.24,3.38,3.78,568923000,11280900000,8
80215,2017-12-13,4.72,4.75,3.77,4.09,498435000,13112600000,8
80216,2017-12-12,4.26,5.03,4.18,4.72,679346000,11852900000,8
80217,2017-12-11,4.14,4.58,4.12,4.27,409780000,11512900000,8
80218,2017-12-10,4.66,4.66,3.77,4.13,601040000,12946400000,8
80219,2017-12-9,5.05,5.28,4.25,4.68,674566000,14029600000,8
80220,2017-12-8,4.14,5.01,3.63,5.01,928042000,11512800000,8
80221,2017-12-7,4.47,4.54,3.10,4.14,1260950000,12416200000,8
80222,2017-12-6,3.81,5.55,3.66,4.36,2126970000,10593600000,8
80223,2017-12-5,2.80,3.97,2.45,3.84,1417380000,7778170000,8
80224,2017-12-4,1.89,2.98,1.89,2.76,1090620000,5265070000,8
80225,2017-12-3,1.44,2.02,1.43,1.88,401418000,4004200000,8
80226,2017-12-2,1.42,1.45,1.35,1.44,115656000,3948800000,8
80227,2017-12-1,1.31,1.49,1.23,1.45,141192000,3639440000,8
80228,2017-11-30,1.27,1.39,1.13,1.33,179224000,3540700000,8
80229,2017-11-29,1.48,1.56,1.13,1.25,294702000,4117010000,8
80230,2017-11-28,1.04,1.50,1.03,1.50,465727000,2904130000,8
80231,2017-11-27,0.844828,1.10,0.799566,1.04,174455000,2348230000,8
80232,2017-11-26,0.804621,0.841932,0.763788,0.841932,47779300,2236470000,8
80233,2017-11-25,0.787730,0.853820,0.718574,0.806117,64910500,2189520000,8
80234,2017-11-24,0.793492,0.796914,0.687301,0.786914,113159000,2205530000,8
80235,2017-11-23,0.897425,0.915350,0.789444,0.793487,64619700,2494420000,8
80236,2017-11-22,0.889204,0.957121,0.854097,0.899570,69568700,2471570000,8
80237,2017-11-21,0.965610,0.985799,0.776513,0.888499,123514000,2683940000,8
80238,2017-11-20,0.862672,0.992344,0.858567,0.966548,92042900,2397820000,8
80239,2017-11-19,0.816643,0.878973,0.808990,0.864638,61681300,2269880000,8
80240,2017-11-18,0.791203,0.848357,0.752962,0.823032,57802400,2199170000,8
80241,2017-11-17,0.830897,0.875845,0.731393,0.792462,102001000,2309500000,8
80242,2017-11-16,0.792688,0.893702,0.713337,0.823941,132320000,2203300000,8
80243,2017-11-15,0.610165,0.785823,0.610165,0.785823,87041500,1695970000,8
80244,2017-11-14,0.586061,0.618325,0.538290,0.610332,33932000,1628970000,8
80245,2017-11-13,0.594010,0.652501,0.573934,0.591634,37718000,1651070000,8
80246,2017-11-12,0.626080,0.636028,0.508265,0.593716,44517800,1740210000,8
80247,2017-11-11,0.501986,0.621817,0.497991,0.621817,42375200,1395280000,8
80248,2017-11-10,0.529091,0.562467,0.459485,0.504601,44756700,1470620000,8
80249,2017-11-9,0.475964,0.593595,0.467588,0.535435,69996800,1322960000,8
80250,2017-11-8,0.384301,0.488848,0.381925,0.475925,44738600,1068180000,8
80251,2017-11-7,0.371509,0.397608,0.362284,0.383096,15415700,1032620000,8
80252,2017-11-6,0.351011,0.378777,0.338867,0.373939,13258400,975647000,8
80253,2017-11-5,0.367915,0.370910,0.335194,0.350084,12950500,1022630000,8
80254,2017-11-4,0.391327,0.391546,0.365428,0.368643,8568260,1087700000,8
80255,2017-11-3,0.362970,0.396015,0.358817,0.393126,11427900,1008890000,8
80256,2017-11-2,0.370966,0.380213,0.320862,0.366056,20942000,1031110000,8
80257,2017-11-1,0.390863,0.390863,0.356690,0.363920,11944600,1086410000,8
80258,2017-10-31,0.407912,0.408340,0.390312,0.390915,7839910,1133800000,8
80259,2017-10-30,0.403103,0.415571,0.385603,0.409046,9124580,1120440000,8
80260,2017-10-29,0.395947,0.413541,0.367674,0.403720,15972200,1100550000,8
80261,2017-10-28,0.424433,0.428173,0.391215,0.395483,9075000,1179720000,8
80262,2017-10-27,0.416744,0.439441,0.395594,0.423355,8963410,1158350000,8
80263,2017-10-26,0.443666,0.455887,0.411928,0.417107,10747100,1233180000,8
80264,2017-10-25,0.455356,0.473467,0.430005,0.443448,14379600,1265680000,8
80265,2017-10-24,0.389144,0.502278,0.377494,0.453682,47178400,1081640000,8
80266,2017-10-23,0.391371,0.399234,0.364940,0.386487,12380800,1087830000,8
80267,2017-10-22,0.390836,0.411999,0.381438,0.392542,9322400,1086340000,8
80268,2017-10-21,0.403854,0.406504,0.324360,0.393045,20120500,1122530000,8
80269,2017-10-20,0.432863,0.435639,0.391630,0.401913,17771900,1203160000,8
80270,2017-10-19,0.457196,0.465953,0.415102,0.433388,12250600,1270790000,8
80271,2017-10-18,0.474621,0.482291,0.427958,0.454575,12433700,1319220000,8
80272,2017-10-17,0.452052,0.504408,0.434911,0.468463,12590200,1256490000,8
80273,2017-10-16,0.439699,0.459618,0.423750,0.450655,8128940,1222160000,8
80274,2017-10-15,0.458649,0.460506,0.414704,0.438429,8256490,1274830000,8
80275,2017-10-14,0.441808,0.482837,0.431503,0.457837,11493700,1228020000,8
80276,2017-10-13,0.412854,0.445985,0.403912,0.441595,14821100,1147540000,8
80277,2017-10-12,0.481734,0.486223,0.391482,0.412417,16792100,1338990000,8
80278,2017-10-11,0.477029,0.488967,0.464757,0.481464,6996130,1325920000,8
80279,2017-10-10,0.466453,0.488517,0.452723,0.477576,7401800,1296520000,8
80280,2017-10-9,0.500356,0.501909,0.439523,0.469438,18097100,1390760000,8
80281,2017-10-8,0.534649,0.538526,0.492876,0.500032,9637830,1486070000,8
80282,2017-10-7,0.504488,0.548719,0.490615,0.538529,9848850,1402240000,8
80283,2017-10-6,0.543216,0.562671,0.493282,0.503448,12478500,1509890000,8
80284,2017-10-5,0.547394,0.567734,0.520702,0.540915,7592760,1521500000,8
80285,2017-10-4,0.560853,0.570545,0.520099,0.546982,9152780,1558910000,8
80286,2017-10-3,0.577182,0.582044,0.516038,0.561712,13709400,1604290000,8
80287,2017-10-2,0.618180,0.622090,0.565055,0.575398,13928300,1718250000,8
80288,2017-10-1,0.621750,0.628776,0.592742,0.610183,8576220,1728170000,8
80289,2017-9-30,0.584318,0.646884,0.576150,0.620822,21825700,1624130000,8
80290,2017-9-29,0.595143,0.609587,0.543016,0.584418,16689800,1654220000,8
80291,2017-9-28,0.549661,0.614313,0.528270,0.595896,23776300,1527800000,8
80292,2017-9-27,0.514224,0.554709,0.507709,0.551005,12188400,1429300000,8
80293,2017-9-26,0.556670,0.560043,0.507645,0.515205,14671500,1547280000,8
80294,2017-9-25,0.524449,0.566395,0.524449,0.556207,10506400,1457720000,8
80295,2017-9-24,0.540538,0.541688,0.506966,0.521379,9199830,1502440000,8
80296,2017-9-23,0.507613,0.551145,0.494903,0.541796,8486720,1410930000,8
80297,2017-9-22,0.499185,0.517458,0.476075,0.506010,8860800,1387500000,8
80298,2017-9-21,0.567586,0.569993,0.467953,0.500724,18553300,1577620000,8
80299,2017-9-20,0.559849,0.585680,0.543853,0.566627,8802430,1556120000,8
80300,2017-9-19,0.608275,0.614231,0.555303,0.565168,12972000,1690720000,8
80301,2017-9-18,0.496796,0.612485,0.496796,0.606233,28609000,1380860000,8
80302,2017-9-17,0.484758,0.505875,0.462614,0.497046,7574760,1347400000,8
80303,2017-9-16,0.479385,0.510361,0.453232,0.487239,13452000,1332470000,8
80304,2017-9-15,0.445700,0.509332,0.372595,0.480510,41983100,1238840000,8
80305,2017-9-14,0.565841,0.573630,0.445019,0.445019,25946400,1572770000,8
80306,2017-9-13,0.592512,0.595366,0.479349,0.556820,31807500,1646910000,8
80307,2017-9-12,0.561696,0.647193,0.557297,0.591949,43345900,1561250000,8
80308,2017-9-11,0.498380,0.558273,0.481498,0.558273,23660500,1385260000,8
80309,2017-9-10,0.561304,0.567870,0.462834,0.495607,32733100,1560160000,8
80310,2017-9-9,0.525939,0.583964,0.524823,0.560809,15317400,1461860000,8
80311,2017-9-8,0.648249,0.660258,0.490346,0.540475,48691600,1801830000,8
80312,2017-9-7,0.739668,0.739668,0.622366,0.645758,31377000,2055930000,8
80313,2017-9-6,0.613529,0.749172,0.601484,0.741663,33093300,1705320000,8
80314,2017-9-5,0.544132,0.646085,0.468949,0.613085,45817500,1512430000,8
80315,2017-9-4,0.744257,0.744257,0.406795,0.566472,74601300,2068680000,8
80316,2017-9-3,0.698855,0.775863,0.672850,0.743968,29504600,1942490000,8
80317,2017-9-2,0.796560,0.802464,0.658006,0.695547,39333900,2214060000,8
80318,2017-9-1,0.842867,0.879100,0.768119,0.807778,28047000,2342770000,8
80319,2017-8-31,0.869553,0.902074,0.828224,0.842424,15194300,2416950000,8
80320,2017-8-30,0.812777,0.878203,0.792339,0.869647,17428100,2259140000,8
80321,2017-8-29,0.876892,0.877578,0.746405,0.811961,28538500,2437350000,8
80322,2017-8-28,0.922464,0.927742,0.784779,0.875197,24288200,2564020000,8
80323,2017-8-27,0.962058,0.979088,0.887365,0.920351,17816000,2674070000,8
80324,2017-8-26,0.915926,0.970068,0.877886,0.962213,16623100,2545840000,8
80325,2017-8-25,0.894733,0.934651,0.837866,0.919635,18226300,2486940000,8
80326,2017-8-24,0.854043,0.895101,0.813880,0.895101,17132900,2373840000,8
80327,2017-8-23,0.842517,0.940389,0.834667,0.850371,27418300,2341800000,8
80328,2017-8-22,0.901778,0.901778,0.786259,0.843775,26333800,2506520000,8
80329,2017-8-21,0.907423,0.939166,0.843577,0.906269,32558600,2522210000,8
80330,2017-8-20,0.971222,1.02,0.939619,0.942205,29447600,2699540000,8
80331,2017-8-19,0.871580,0.985748,0.778133,0.978521,39975500,2422580000,8
80332,2017-8-18,1.01,1.03,0.774400,0.870147,58053400,2819080000,8
80333,2017-8-17,1.04,1.10,0.998241,1.02,58209300,2904020000,8
80334,2017-8-16,0.914727,1.05,0.878567,1.05,52081500,2542510000,8
80335,2017-8-15,0.977320,0.995791,0.767236,0.917949,84698300,2716490000,8
80336,2017-8-14,0.811738,0.976404,0.793682,0.976404,54630900,2256250000,8
80337,2017-8-13,0.722169,0.829530,0.715382,0.807713,41198400,2007290000,8
80338,2017-8-12,0.655191,0.727960,0.625521,0.721535,20358000,1821120000,8
80339,2017-8-11,0.565525,0.710585,0.557827,0.654872,43618800,1571890000,8
80340,2017-8-10,0.535805,0.588071,0.513250,0.566456,16602500,1489290000,8
80341,2017-8-9,0.547121,0.555125,0.512566,0.543328,13294400,1520740000,8
80342,2017-8-8,0.473874,0.550880,0.458992,0.547637,21988500,1317150000,8
80343,2017-8-7,0.430804,0.491028,0.418088,0.474577,14717700,1197430000,8
80344,2017-8-6,0.407690,0.440193,0.396851,0.431142,6276510,1133190000,8
80345,2017-8-5,0.393176,0.427798,0.364083,0.407980,9091140,1092850000,8
80346,2017-8-4,0.332239,0.420252,0.332239,0.391286,20179000,923468000,8
80347,2017-8-3,0.286578,0.336844,0.284765,0.332352,8239810,796552000,8
80348,2017-8-2,0.290135,0.293039,0.272032,0.286116,3439800,806440000,8
80349,2017-8-1,0.256665,0.296267,0.249623,0.290220,5169910,713408000,8
80350,2017-7-31,0.255064,0.259810,0.245768,0.254732,2563820,708959000,8
80351,2017-7-30,0.277339,0.279401,0.252831,0.254785,3165840,770872000,8
80352,2017-7-29,0.266567,0.277226,0.245848,0.275190,2788270,740931000,8
80353,2017-7-28,0.274876,0.278459,0.262736,0.265118,2884740,764026000,8
80354,2017-7-27,0.276850,0.285551,0.275467,0.275467,3343540,769512000,8
80355,2017-7-26,0.250571,0.283478,0.241237,0.274598,4626790,696469000,8
80356,2017-7-25,0.266827,0.269072,0.237998,0.250453,2917500,741654000,8
80357,2017-7-24,0.265136,0.273468,0.242731,0.266447,4502060,736952000,8
80358,2017-7-23,0.273693,0.280241,0.258485,0.269072,3065860,760738000,8
80359,2017-7-22,0.263390,0.278936,0.254406,0.273382,4107430,732099000,8
80360,2017-7-21,0.294760,0.305506,0.257626,0.264134,6344870,819295000,8
80361,2017-7-20,0.233503,0.298253,0.232192,0.292460,10332500,649028000,8
80362,2017-7-19,0.268162,0.284031,0.230686,0.232212,6339730,745365000,8
80363,2017-7-18,0.264569,0.309577,0.248754,0.267340,11433600,735378000,8
80364,2017-7-17,0.180717,0.278088,0.179114,0.263105,15254300,502309000,8
80365,2017-7-16,0.157961,0.185445,0.155173,0.180978,4178170,439057000,8
80366,2017-7-15,0.175237,0.176099,0.147933,0.158688,3913220,487076000,8
80367,2017-7-14,0.212999,0.214112,0.161877,0.175350,3347860,592038000,8
80368,2017-7-13,0.229099,0.238625,0.194249,0.214589,4129150,636787000,8
80369,2017-7-12,0.191125,0.237362,0.183955,0.228758,4646480,531237000,8
80370,2017-7-11,0.214742,0.231574,0.185681,0.187596,6946200,596881000,8
80371,2017-7-10,0.304476,0.304476,0.190539,0.217061,8233640,846301000,8
80372,2017-7-9,0.297377,0.312770,0.285475,0.302889,2474500,826569000,8
80373,2017-7-8,0.286164,0.320908,0.281393,0.305515,3273950,795402000,8
80374,2017-7-7,0.355803,0.355994,0.271859,0.284565,8804780,988966000,8
80375,2017-7-6,0.380253,0.382865,0.317295,0.353880,8218370,1056920000,8
80376,2017-7-5,0.396273,0.400841,0.371809,0.380130,3061100,1101450000,8
80377,2017-7-4,0.374900,0.410698,0.373865,0.396390,3933710,1042050000,8
80378,2017-7-3,0.379055,0.384955,0.356024,0.376139,3873180,1053600000,8
80379,2017-7-2,0.391880,0.396890,0.366798,0.382249,2971770,1089240000,8
80380,2017-7-1,0.402295,0.414192,0.381489,0.389630,2334640,1118190000,8
80381,2017-6-30,0.417167,0.453008,0.398195,0.401591,5044270,1159530000,8
80382,2017-6-29,0.375767,0.459387,0.361568,0.417798,5324020,1044460000,8
80383,2017-6-28,0.399874,0.399874,0.357338,0.379136,4704400,1111460000,8
80384,2017-6-27,0.411989,0.420035,0.353549,0.392269,4411090,1145140000,8
80385,2017-6-26,0.470192,0.473662,0.351156,0.402438,9101080,1306910000,8
80386,2017-6-25,0.514185,0.525564,0.454951,0.470941,5012890,1429190000,8
80387,2017-6-24,0.482769,0.635612,0.482769,0.512910,19215500,1341870000,8
80388,2017-6-23,0.417769,0.480910,0.408405,0.480910,3768560,1161200000,8
80389,2017-6-22,0.413371,0.427283,0.407261,0.417742,2343320,1148980000,8
80390,2017-6-21,0.419439,0.437340,0.405037,0.413547,3999810,1165840000,8
80391,2017-6-20,0.414299,0.422032,0.398649,0.418494,3755470,1151560000,8
80392,2017-6-19,0.405456,0.420990,0.388231,0.412183,3543640,1126980000,8
80393,2017-6-18,0.420597,0.426069,0.393790,0.405862,2514450,1169060000,8
80394,2017-6-17,0.426762,0.444205,0.414139,0.419906,3100660,1186200000,8
80395,2017-6-16,0.353285,0.448249,0.309852,0.410757,6920690,981966000,8
80396,2017-6-15,0.528284,0.543165,0.300365,0.363661,10300400,1468380000,8
80397,2017-6-14,0.592347,0.606196,0.495745,0.528916,14194900,1646450000,8
80398,2017-6-13,0.638503,0.652862,0.533910,0.590255,25425600,1774740000,8
