120001,2018-7-15,123.13,125.87,121.67,123.96,22403800,1997830000,12
120002,2018-7-14,122.40,123.82,121.05,123.22,20547700,1985580000,12
120003,2018-7-13,120.81,124.65,120.66,122.53,23792500,1959530000,12
120004,2018-7-12,125.45,126.11,118.14,120.24,28289200,2034320000,12
120005,2018-7-11,121.52,129.87,121.52,125.39,35463900,1970180000,12
120006,2018-7-10,135.60,136.86,121.42,121.48,31309100,2198030000,12
120007,2018-7-9,137.94,141.16,135.48,135.73,33160900,2235510000,12
120008,2018-7-8,135.28,140.00,134.49,138.12,25550900,2192000000,12
120009,2018-7-7,133.83,135.63,130.72,135.61,27346900,2168210000,12
120010,2018-7-6,138.38,139.08,131.25,134.04,32393700,2241410000,12
120011,2018-7-5,139.24,141.22,134.87,138.75,33014500,2254880000,12
120012,2018-7-4,138.60,146.50,137.22,138.40,31732500,2244150000,12
120013,2018-7-3,140.12,143.93,137.00,138.46,33954300,2268370000,12
120014,2018-7-2,130.26,142.86,128.34,140.50,41012600,2108260000,12
120015,2018-7-1,131.05,133.80,126.12,129.77,32338800,2120680000,12
120016,2018-6-30,126.71,135.10,126.69,131.01,33426400,2050040000,12
120017,2018-6-29,117.30,127.84,115.48,126.78,34762700,1897440000,12
120018,2018-6-28,128.85,133.99,114.87,115.81,48284400,2083850000,12
120019,2018-6-27,120.63,130.25,119.70,128.71,39016100,1950600000,12
120020,2018-6-26,126.72,129.62,120.73,120.82,35735700,2048610000,12
120021,2018-6-25,121.18,129.53,120.96,126.76,37688900,1958750000,12
120022,2018-6-24,115.15,124.40,109.01,121.29,45338000,1860780000,12
120023,2018-6-23,110.67,119.27,109.98,115.38,33435900,1788190000,12
120024,2018-6-22,123.46,123.85,107.46,110.60,40058500,1994340000,12
120025,2018-6-21,122.49,124.08,121.45,123.61,29272800,1978370000,12
120026,2018-6-20,126.19,126.35,119.92,122.55,33876600,2037590000,12
120027,2018-6-19,127.38,130.15,124.77,126.22,34054800,2056530000,12
120028,2018-6-18,123.82,129.04,120.42,127.43,32087200,1998660000,12
120029,2018-6-17,126.97,127.18,123.31,124.06,29247600,2049010000,12
120030,2018-6-16,121.75,128.23,121.68,126.83,31221300,1964390000,12
120031,2018-6-15,132.85,133.32,122.78,122.78,35999400,2143200000,12
120032,2018-6-14,121.94,133.56,118.85,132.94,44929500,1966780000,12
120033,2018-6-13,125.88,126.46,113.62,121.85,44354400,2029910000,12
120034,2018-6-12,138.46,138.46,121.15,125.66,36656700,2232250000,12
120035,2018-6-11,139.55,140.19,132.83,138.04,32508500,2249350000,12
120036,2018-6-10,154.99,154.99,132.09,139.51,46671000,2497790000,12
120037,2018-6-9,158.52,160.04,154.96,154.96,29964000,2554110000,12
120038,2018-6-8,164.07,165.24,157.21,158.70,36063500,2643030000,12
120039,2018-6-7,164.68,171.09,163.06,163.91,40588500,2652330000,12
120040,2018-6-6,167.15,167.80,162.08,164.61,41766300,2691610000,12
120041,2018-6-5,160.31,168.69,157.44,167.19,40491500,2580910000,12
120042,2018-6-4,169.06,170.51,157.84,160.09,39320200,2721370000,12
120043,2018-6-3,162.66,176.11,162.66,169.35,44074900,2617760000,12
120044,2018-6-2,157.59,167.27,156.25,162.65,40011500,2535650000,12
120045,2018-6-1,155.89,158.55,152.87,157.54,29047300,2507870000,12
120046,2018-5-31,154.56,159.17,154.31,155.52,35146100,2485950000,12
120047,2018-5-30,157.60,161.27,152.87,155.23,23704800,2534340000,12
120048,2018-5-29,150.04,166.33,147.93,157.57,51033600,2412290000,12
120049,2018-5-28,166.23,168.22,149.74,149.96,38161100,2672050000,12
120050,2018-5-27,164.47,170.17,161.17,166.08,32033800,2643160000,12
120051,2018-5-26,164.84,168.59,162.99,164.55,17384600,2648500000,12
120052,2018-5-25,171.66,173.66,162.92,164.72,26129900,2757530000,12
120053,2018-5-24,171.21,177.51,160.85,171.49,44489500,2749820000,12
120054,2018-5-23,175.80,179.53,166.33,171.54,49136900,2823010000,12
120055,2018-5-22,198.64,198.95,176.27,176.27,51057500,3189090000,12
120056,2018-5-21,203.83,203.83,194.91,198.74,34791200,3271740000,12
120057,2018-5-20,197.79,205.31,196.60,203.45,34040600,3174140000,12
120058,2018-5-19,203.62,204.21,197.20,197.57,31524400,3266980000,12
120059,2018-5-18,193.02,211.53,187.25,204.05,58532500,3096330000,12
120060,2018-5-17,199.34,204.69,192.92,192.99,44934200,3197060000,12
120061,2018-5-16,204.87,205.11,193.21,199.21,46385200,3285060000,12
120062,2018-5-15,214.69,218.83,203.04,205.17,56849200,3441720000,12
120063,2018-5-14,210.19,219.12,197.33,215.04,56526000,3368960000,12
120064,2018-5-13,202.05,213.78,202.05,209.58,32021800,3237820000,12
120065,2018-5-12,197.57,205.72,192.06,201.96,32938200,3165400000,12
120066,2018-5-11,218.48,218.48,197.65,197.74,48447300,3499620000,12
120067,2018-5-10,227.21,233.27,218.21,218.22,36197200,3638800000,12
120068,2018-5-9,223.82,232.48,216.97,227.52,41903700,3583730000,12
120069,2018-5-8,233.22,234.57,220.23,223.35,33703600,3733360000,12
120070,2018-5-7,235.74,235.84,222.75,233.07,44546500,3773020000,12
120071,2018-5-6,240.88,242.44,232.60,235.49,50393500,3854550000,12
120072,2018-5-5,241.23,245.48,239.72,240.78,73154300,3859260000,12
120073,2018-5-4,246.68,248.40,238.90,241.53,77875600,3945670000,12
120074,2018-5-3,249.34,257.62,242.95,245.98,115162000,3987290000,12
120075,2018-5-2,239.94,252.72,238.84,249.66,83039300,3836190000,12
120076,2018-5-1,242.45,242.45,229.56,240.26,71420800,3875470000,12
120077,2018-4-30,256.35,259.07,239.08,242.46,103574000,4096790000,12
120078,2018-4-29,260.91,262.91,244.06,256.87,92297200,4168850000,12
120079,2018-4-28,251.77,265.51,251.55,261.50,84646700,4021980000,12
120080,2018-4-27,267.29,268.63,251.88,251.88,93178900,4268910000,12
120081,2018-4-26,258.09,277.25,250.21,268.27,153394000,4121110000,12
120082,2018-4-25,293.56,293.56,249.15,257.14,157435000,4686490000,12
120083,2018-4-24,282.18,298.08,280.24,296.04,141852000,4503930000,12
120084,2018-4-23,270.81,287.11,270.81,283.30,110600000,4321470000,12
120085,2018-4-22,257.32,283.99,250.24,271.30,142363000,4105010000,12
120086,2018-4-21,271.41,271.41,240.04,258.18,89939200,4329190000,12
120087,2018-4-20,239.01,271.98,238.51,271.98,128551000,3811620000,12
120088,2018-4-19,228.41,239.01,225.98,238.61,89253400,3641740000,12
120089,2018-4-18,195.83,232.72,195.83,228.34,180249000,3121670000,12
120090,2018-4-17,194.41,202.06,193.45,195.75,39801200,3098350000,12
120091,2018-4-16,200.50,203.01,189.36,194.10,41090800,3194640000,12
120092,2018-4-15,190.91,203.93,190.91,200.62,50712700,3041250000,12
120093,2018-4-14,188.64,197.19,188.15,190.42,42979700,3004320000,12
120094,2018-4-13,192.04,201.17,186.78,188.87,56740700,3057950000,12
120095,2018-4-12,168.92,191.94,166.30,191.94,62352400,2689210000,12
120096,2018-4-11,165.55,169.16,164.53,169.16,41345600,2634970000,12
120097,2018-4-10,167.06,167.38,164.40,165.57,31208400,2658460000,12
120098,2018-4-9,174.06,179.13,164.26,167.06,24546500,2768980000,12
120099,2018-4-8,169.99,174.15,169.30,173.97,24114000,2703720000,12
120100,2018-4-7,162.27,172.74,162.27,170.12,30577500,2580780000,12
120101,2018-4-6,172.41,175.37,161.92,162.00,42452500,2741770000,12
120102,2018-4-5,170.05,174.89,164.80,173.31,40641000,2703660000,12
120103,2018-4-4,189.40,189.47,169.10,170.10,39301200,3010550000,12
120104,2018-4-3,177.57,191.10,177.57,189.53,36809600,2821900000,12
120105,2018-4-2,175.87,181.52,175.06,177.51,27927800,2794350000,12
120106,2018-4-1,178.78,182.11,165.25,175.51,31024200,2839980000,12
120107,2018-3-31,172.53,181.97,171.54,179.56,22220300,2740000000,12
120108,2018-3-30,176.00,180.41,162.99,172.36,41887500,2794560000,12
120109,2018-3-29,199.31,200.83,174.64,176.86,53055600,3164030000,12
120110,2018-3-28,187.47,201.52,186.32,199.16,44833300,2975330000,12
120111,2018-3-27,196.85,197.90,184.58,187.93,53498800,3123560000,12
120112,2018-3-26,211.78,212.68,188.55,197.18,37329600,3359790000,12
120113,2018-3-25,207.32,214.40,203.02,211.78,23409900,3288230000,12
120114,2018-3-24,215.37,217.24,208.70,209.16,24099100,3415180000,12
120115,2018-3-23,212.47,214.33,199.17,213.91,39365700,3368360000,12
120116,2018-3-22,218.56,223.68,204.90,212.71,40394500,3464170000,12
120117,2018-3-21,224.26,235.90,215.28,218.63,57121400,3553750000,12
120118,2018-3-20,217.94,233.27,206.96,223.74,60005900,3452770000,12
120119,2018-3-19,210.33,222.00,202.38,216.77,67314400,3331520000,12
120120,2018-3-18,197.43,209.63,175.08,209.63,75859900,3126390000,12
120121,2018-3-17,215.49,215.84,193.90,197.91,48877500,3411600000,12
120122,2018-3-16,213.21,222.38,203.91,215.70,62972500,3374770000,12
120123,2018-3-15,215.84,225.96,198.73,213.31,75798000,3415550000,12
120124,2018-3-14,248.31,251.83,208.29,215.56,75383300,3928670000,12
120125,2018-3-13,258.22,266.35,246.19,248.07,69264500,4084440000,12
120126,2018-3-12,282.43,287.09,251.83,259.42,66680300,4466340000,12
120127,2018-3-11,256.67,287.17,248.41,282.35,73755400,4058010000,12
120128,2018-3-10,290.72,295.79,255.81,257.04,78431700,4595400000,12
120129,2018-3-9,277.61,288.09,243.51,288.09,155072000,4387040000,12
120130,2018-3-8,338.13,338.13,276.95,278.64,128424000,5342310000,12
120131,2018-3-7,346.24,364.75,320.85,339.15,162103000,5469110000,12
120132,2018-3-6,368.88,368.89,342.47,346.40,93212700,5825450000,12
120133,2018-3-5,369.06,379.68,355.99,373.25,130898000,5827040000,12
120134,2018-3-4,351.75,369.07,338.75,368.97,123113000,5552320000,12
120135,2018-3-3,346.02,374.72,344.20,352.95,196022000,5460590000,12
120136,2018-3-2,313.52,351.39,310.82,344.73,170634000,4946550000,12
120137,2018-3-1,286.03,315.67,284.23,314.04,62044300,4511850000,12
120138,2018-2-28,301.54,305.75,285.58,285.70,47981800,4755310000,12
120139,2018-2-27,295.06,309.10,288.24,302.54,64821400,4652030000,12
120140,2018-2-26,282.28,300.33,271.47,293.61,53939200,4449610000,12
120141,2018-2-25,273.03,284.04,266.26,281.02,33676300,4302820000,12
120142,2018-2-24,285.68,295.49,265.23,273.79,62206300,4500970000,12
120143,2018-2-23,280.41,299.44,269.35,285.71,89026300,4416890000,12
120144,2018-2-22,320.63,327.28,279.80,282.76,103123000,5049380000,12
120145,2018-2-21,302.39,339.69,287.72,322.61,169590000,4761040000,12
120146,2018-2-20,317.00,321.73,303.79,304.40,71114700,4989710000,12
120147,2018-2-19,299.70,319.73,297.65,316.49,67482400,4716460000,12
120148,2018-2-18,325.96,327.77,294.42,300.12,68135100,5128420000,12
120149,2018-2-17,296.00,334.71,293.13,325.67,134269000,4655820000,12
120150,2018-2-16,301.01,302.10,280.22,296.48,64320200,4733640000,12
120151,2018-2-15,276.08,304.78,269.32,303.25,85772700,4340620000,12
120152,2018-2-14,234.34,276.66,234.34,276.66,116137000,3683460000,12
120153,2018-2-13,247.99,248.88,230.03,234.69,46476400,3897150000,12
120154,2018-2-12,229.87,251.41,229.87,247.57,45760100,3611420000,12
120155,2018-2-11,249.44,249.44,219.23,229.49,51680100,3917970000,12
120156,2018-2-10,260.59,271.82,243.91,250.03,76435300,4092070000,12
120157,2018-2-9,247.82,260.84,233.44,260.43,77557200,3890810000,12
120158,2018-2-8,207.78,253.12,207.78,247.22,81312200,3261220000,12
120159,2018-2-7,210.73,231.25,191.86,207.28,64730900,3306780000,12
120160,2018-2-6,180.87,213.46,149.41,212.29,100344000,2837430000,12
120161,2018-2-5,219.04,221.74,167.14,179.49,77454500,3435450000,12
120162,2018-2-4,251.97,257.39,214.79,221.05,48981700,3951030000,12
120163,2018-2-3,236.51,256.98,215.60,251.59,55887100,3707610000,12
120164,2018-2-2,240.84,249.27,184.94,235.63,122696000,3774700000,12
120165,2018-2-1,273.88,279.78,228.39,240.97,73082700,4291340000,12
120166,2018-1-31,274.90,284.02,265.28,272.89,67649500,4306290000,12
120167,2018-1-30,317.36,318.01,268.68,274.02,93182600,4970190000,12
120168,2018-1-29,331.77,336.69,314.05,316.63,55323000,5194670000,12
120169,2018-1-28,322.96,337.16,322.96,332.17,75700900,5055340000,12
120170,2018-1-27,325.31,332.83,310.44,321.36,66614100,5090880000,12
120171,2018-1-26,316.60,328.78,292.48,323.69,91052800,4953260000,12
120172,2018-1-25,322.17,328.00,306.59,317.10,76537300,5039370000,12
120173,2018-1-24,308.93,323.19,299.46,317.40,92263600,4830950000,12
120174,2018-1-23,315.31,321.69,285.61,308.46,116898000,4929480000,12
120175,2018-1-22,348.91,356.04,288.79,315.90,116893000,5453550000,12
120176,2018-1-21,384.53,389.11,336.01,345.08,126395000,6008720000,12
120177,2018-1-20,367.63,403.49,358.77,383.79,240595000,5743450000,12
120178,2018-1-19,314.13,367.96,309.54,364.62,199852000,4906340000,12
120179,2018-1-18,320.60,347.11,303.35,316.47,152851000,5005990000,12
120180,2018-1-17,318.93,332.12,240.36,319.19,192937000,4978850000,12
120181,2018-1-16,415.93,418.99,261.20,320.04,283036000,6491450000,12
120182,2018-1-15,396.02,444.34,392.37,414.57,264782000,6179110000,12
120183,2018-1-14,420.34,444.01,384.31,399.52,180678000,6556930000,12
120184,2018-1-13,393.04,433.35,393.04,420.05,248705000,6129540000,12
120185,2018-1-12,358.62,394.78,347.32,394.78,158189000,5591320000,12
120186,2018-1-11,406.08,415.90,346.69,355.59,187722000,6329790000,12
120187,2018-1-10,413.25,419.06,370.52,407.74,265152000,6439820000,12
120188,2018-1-9,403.71,447.61,398.53,413.33,522438000,6289410000,12
120189,2018-1-8,458.35,469.70,357.54,405.07,220924000,7139010000,12
120190,2018-1-7,456.15,495.84,453.39,459.33,262443000,7103000000,12
120191,2018-1-6,385.37,452.77,380.21,452.77,235391000,5999260000,12
120192,2018-1-5,402.38,407.04,373.89,384.94,182618000,6262550000,12
120193,2018-1-4,414.41,419.72,383.54,403.05,166108000,6448110000,12
120194,2018-1-3,382.74,418.26,378.86,412.06,180190000,5953920000,12
120195,2018-1-2,359.06,387.79,359.06,383.42,224769000,5582210000,12
120196,2018-1-1,349.55,363.79,336.98,358.99,110244000,5434340000,12
120197,2017-12-31,329.00,356.77,327.41,349.03,101667000,5113910000,12
120198,2017-12-30,378.52,378.52,319.61,330.80,140463000,5882180000,12
120199,2017-12-29,381.30,387.56,358.07,377.37,173825000,5921340000,12
120200,2017-12-28,422.51,422.51,359.49,378.90,162717000,6561210000,12
120201,2017-12-27,381.30,442.60,381.30,421.85,250742000,5920710000,12
120202,2017-12-26,361.08,384.77,357.27,381.54,161342000,5605310000,12
120203,2017-12-25,339.69,365.87,323.20,360.78,119632000,5271820000,12
120204,2017-12-24,391.01,391.01,297.09,337.06,134675000,6062810000,12
120205,2017-12-23,349.76,417.65,344.38,382.04,190117000,5423160000,12
120206,2017-12-22,419.53,423.42,255.67,346.11,334617000,6504920000,12
120207,2017-12-21,470.29,470.29,390.55,417.98,354021000,7291030000,12
120208,2017-12-20,375.71,476.40,329.95,469.20,498648000,5823300000,12
120209,2017-12-19,381.07,406.03,346.94,377.24,317292000,5904690000,12
120210,2017-12-18,353.07,381.51,332.09,381.51,217306000,5469410000,12
120211,2017-12-17,328.06,365.24,327.27,351.37,278705000,5078920000,12
120212,2017-12-16,312.61,331.54,311.71,327.32,164861000,4839760000,12
120213,2017-12-15,325.61,326.08,296.08,312.32,163054000,5039870000,12
120214,2017-12-14,303.26,335.53,301.40,325.21,261053000,4692810000,12
120215,2017-12-13,307.43,330.35,284.74,305.75,248583000,4749580000,12
120216,2017-12-12,281.49,319.90,281.19,308.07,271786000,4348820000,12
120217,2017-12-11,244.95,281.03,244.14,279.67,152497000,3784310000,12
120218,2017-12-10,262.90,262.90,220.77,245.33,142120000,4061590000,12
120219,2017-12-9,277.27,281.40,250.39,262.53,161152000,4283550000,12
120220,2017-12-8,281.31,284.86,250.65,276.74,201497000,4346000000,12
120221,2017-12-7,277.87,300.32,263.17,280.86,299528000,4291850000,12
120222,2017-12-6,268.16,316.67,260.61,278.69,543884000,4140770000,12
120223,2017-12-5,211.13,272.64,208.89,269.48,352326000,3258360000,12
120224,2017-12-4,199.56,210.24,192.04,210.24,74534400,3079850000,12
120225,2017-12-3,203.37,209.09,191.25,200.05,111303000,3137680000,12
120226,2017-12-2,190.83,205.26,186.68,203.03,80791100,2943520000,12
120227,2017-12-1,179.72,191.85,169.76,190.94,70430500,2771380000,12
120228,2017-11-30,170.49,195.39,156.53,180.14,128112000,2627490000,12
120229,2017-11-29,203.91,214.28,165.33,168.15,178828000,3142680000,12
120230,2017-11-28,175.35,203.21,173.17,203.21,179179000,2701720000,12
120231,2017-11-27,162.92,173.39,159.95,173.39,81489700,2509520000,12
120232,2017-11-26,168.57,168.72,159.76,163.37,61100400,2595920000,12
120233,2017-11-25,160.00,170.10,160.00,168.44,64076700,2463190000,12
120234,2017-11-24,158.62,162.94,156.76,160.03,69178000,2441330000,12
120235,2017-11-23,166.11,172.92,156.45,158.61,109392000,2555950000,12
120236,2017-11-22,142.08,173.45,141.14,165.95,189472000,2184930000,12
120237,2017-11-21,136.10,142.21,131.37,141.74,72701500,2093010000,12
120238,2017-11-20,129.50,140.55,128.49,135.76,59945400,1990900000,12
120239,2017-11-19,130.72,133.62,127.21,129.48,42133000,2009180000,12
120240,2017-11-18,126.59,135.01,123.53,130.80,62156400,1945200000,12
120241,2017-11-17,120.02,126.70,119.25,126.70,47127700,1843600000,12
120242,2017-11-16,121.24,128.09,118.50,120.31,74944100,1861940000,12
120243,2017-11-15,122.24,124.72,119.19,121.37,49976700,1876740000,12
120244,2017-11-14,123.62,124.20,118.63,122.35,53544800,1896990000,12
120245,2017-11-13,128.96,136.53,120.92,123.40,116200000,1978840000,12
120246,2017-11-12,119.60,133.68,110.62,123.86,144948000,1834630000,12
120247,2017-11-11,105.75,127.11,103.88,119.62,107708000,1621800000,12
120248,2017-11-10,121.34,121.67,101.76,105.59,84614000,1860390000,12
120249,2017-11-9,112.53,123.41,112.22,120.78,86864600,1724820000,12
120250,2017-11-8,99.82,115.94,99.14,113.31,79822900,1529550000,12
120251,2017-11-7,104.23,104.75,95.05,99.76,81253300,1596750000,12
120252,2017-11-6,86.42,102.92,86.15,102.92,103722000,1323540000,12
120253,2017-11-5,87.31,88.04,86.04,86.35,27619800,1336790000,12
120254,2017-11-4,87.90,88.48,85.50,87.30,23011500,1345360000,12
120255,2017-11-3,83.53,90.14,83.53,87.99,37321100,1278080000,12
120256,2017-11-2,85.66,86.08,81.68,83.76,48608100,1310390000,12
120257,2017-11-1,87.65,88.20,84.73,85.72,36899300,1340360000,12
120258,2017-10-31,88.75,89.33,87.60,87.64,28704900,1356840000,12
120259,2017-10-30,88.59,90.49,88.04,88.84,28179100,1354090000,12
120260,2017-10-29,86.27,90.36,86.27,88.65,38368700,1318160000,12
120261,2017-10-28,86.91,87.76,85.71,86.31,25397400,1327650000,12
120262,2017-10-27,88.58,89.19,86.43,86.75,27939000,1352700000,12
120263,2017-10-26,88.17,89.87,88.02,88.58,23132200,1346070000,12
120264,2017-10-25,88.49,101.29,85.82,88.13,59952100,1350650000,12
120265,2017-10-24,85.16,92.35,83.47,88.40,42191100,1299330000,12
120266,2017-10-23,86.48,86.92,82.89,85.21,26261800,1319200000,12
120267,2017-10-22,88.18,89.04,85.52,86.58,27130000,1344760000,12
120268,2017-10-21,90.41,90.41,86.58,88.12,25267200,1378290000,12
120269,2017-10-20,88.71,92.73,88.07,90.54,38260700,1351990000,12
120270,2017-10-19,89.66,92.48,87.91,88.62,35302300,1366060000,12
120271,2017-10-18,91.19,91.26,86.54,89.54,36277100,1389050000,12
120272,2017-10-17,95.93,96.94,90.72,91.28,43866200,1460870000,12
120273,2017-10-16,94.99,97.97,93.05,95.90,32185000,1446090000,12
120274,2017-10-15,99.94,100.81,91.60,94.87,34188200,1520300000,12
120275,2017-10-14,95.06,103.13,93.73,100.23,38886100,1446050000,12
120276,2017-10-13,87.23,96.77,85.53,95.13,63578800,1326720000,12
120277,2017-10-12,87.56,88.63,86.46,87.09,32783200,1331450000,12
120278,2017-10-11,86.74,88.25,85.80,87.42,21103400,1318540000,12
120279,2017-10-10,85.61,88.41,84.27,86.82,31695500,1301030000,12
120280,2017-10-9,89.74,90.12,83.76,85.49,38063700,1363380000,12
120281,2017-10-8,91.39,92.20,89.74,89.77,29220800,1388030000,12
120282,2017-10-7,90.94,92.05,89.57,91.70,22617600,1380750000,12
120283,2017-10-6,91.91,92.94,90.23,91.19,24504100,1394580000,12
120284,2017-10-5,90.49,92.45,88.14,91.86,27697400,1373110000,12
120285,2017-10-4,92.95,93.65,89.05,90.41,29568100,1410000000,12
120286,2017-10-3,91.52,94.81,87.21,92.96,44289800,1387960000,12
120287,2017-10-2,93.56,93.80,90.98,91.54,27534700,1418400000,12
120288,2017-10-1,95.59,95.74,91.77,93.22,25936500,1448800000,12
120289,2017-9-30,94.44,96.33,94.07,95.76,28498000,1430900000,12
120290,2017-9-29,97.30,97.78,91.22,94.50,38972400,1473750000,12
120291,2017-9-28,100.97,101.14,95.48,97.23,41822000,1528970000,12
120292,2017-9-27,92.75,102.91,92.64,101.04,51634900,1404030000,12
120293,2017-9-26,93.81,95.31,91.60,93.13,32540800,1419730000,12
120294,2017-9-25,89.37,94.23,89.12,93.64,28114300,1352120000,12
120295,2017-9-24,91.76,91.81,88.00,89.50,22224000,1387760000,12
120296,2017-9-23,88.03,92.12,86.96,91.85,26372900,1329730000,12
120297,2017-9-22,86.17,89.54,84.33,88.17,28179100,1301560000,12
120298,2017-9-21,95.33,95.75,85.17,86.24,34290500,1439880000,12
120299,2017-9-20,97.64,98.09,93.37,95.57,34198900,1474840000,12
120300,2017-9-19,100.83,101.28,93.70,97.72,48249700,1522630000,12
120301,2017-9-18,93.81,102.02,93.81,100.57,63732100,1416250000,12
120302,2017-9-17,94.97,96.36,89.22,93.74,41008200,1433270000,12
120303,2017-9-16,100.11,106.12,91.41,95.29,71163500,1510430000,12
120304,2017-9-15,83.13,103.69,73.17,99.85,176154000,1253940000,12
120305,2017-9-14,111.29,120.39,82.65,83.04,133553000,1678110000,12
120306,2017-9-13,111.81,113.16,102.39,111.33,88162900,1685390000,12
120307,2017-9-12,112.72,115.69,110.49,111.89,40402700,1698640000,12
120308,2017-9-11,113.05,116.24,110.47,112.75,30605900,1702970000,12
120309,2017-9-10,115.64,115.77,103.17,112.33,50725200,1741490000,12
120310,2017-9-9,118.19,119.73,113.17,116.27,39220400,1779350000,12
120311,2017-9-8,120.28,132.57,113.30,118.04,159066000,1810210000,12
120312,2017-9-7,121.39,124.76,116.60,120.84,62655700,1826360000,12
120313,2017-9-6,118.78,122.31,114.32,121.63,64604400,1786650000,12
120314,2017-9-5,106.75,122.63,95.81,118.82,113378000,1605070000,12
120315,2017-9-4,126.23,126.23,101.73,106.17,89194700,1897480000,12
120316,2017-9-3,124.93,129.29,115.74,126.01,92631100,1877380000,12
120317,2017-9-2,141.35,141.40,121.96,124.80,128849000,2123430000,12
120318,2017-9-1,140.65,150.09,136.49,141.20,163961000,2112260000,12
120319,2017-8-31,131.95,141.97,131.21,140.41,131974000,1980860000,12
120320,2017-8-30,133.84,135.83,124.06,132.38,106543000,2008790000,12
120321,2017-8-29,144.24,144.50,128.02,133.03,104869000,2163850000,12
120322,2017-8-28,130.76,154.58,129.06,145.40,216036000,1961250000,12
120323,2017-8-27,137.59,138.88,124.81,130.68,92742200,2057550000,12
120324,2017-8-26,107.46,148.36,105.28,138.05,301843000,1606920000,12
120325,2017-8-25,86.47,108.36,85.34,108.26,95835700,1293030000,12
120326,2017-8-24,90.35,93.77,79.35,86.29,70187100,1351030000,12
120327,2017-8-23,91.01,99.71,85.51,90.33,84961900,1360920000,12
120328,2017-8-22,77.99,95.51,72.53,91.16,150286000,1166240000,12
120329,2017-8-21,54.67,95.08,52.87,77.82,238775000,817490000,12
120330,2017-8-20,55.79,56.05,51.80,54.71,15702600,834239000,12
120331,2017-8-19,46.97,58.03,46.97,55.96,27038800,702398000,12
120332,2017-8-18,47.37,48.93,46.22,46.69,14517200,708081000,12
120333,2017-8-17,48.82,49.46,47.05,47.45,11176000,729528000,12
120334,2017-8-16,48.77,49.09,47.03,48.78,12423400,728672000,12
120335,2017-8-15,49.97,50.16,45.72,48.74,13651100,746257000,12
120336,2017-8-14,47.69,49.75,46.63,49.75,14023000,711941000,12
120337,2017-8-13,49.38,50.15,45.46,47.76,19587800,737066000,12
120338,2017-8-12,50.85,51.57,46.34,49.37,17349200,758739000,12
120339,2017-8-11,49.31,51.56,48.93,50.65,8534390,735446000,12
120340,2017-8-10,50.94,51.29,49.47,49.47,9147740,759514000,12
120341,2017-8-9,51.94,53.34,49.74,50.96,11466600,774178000,12
120342,2017-8-8,50.40,52.64,49.93,51.94,12471600,750929000,12
120343,2017-8-7,47.67,50.21,47.24,50.21,12794900,710052000,12
120344,2017-8-6,48.57,49.18,47.36,47.83,8254240,723258000,12
120345,2017-8-5,45.18,49.49,45.18,48.58,12131400,672541000,12
120346,2017-8-4,43.36,45.32,42.97,45.12,7794340,645208000,12
120347,2017-8-3,43.80,44.31,43.23,43.36,8262040,651543000,12
120348,2017-8-2,44.08,44.78,42.78,43.63,8111580,655515000,12
120349,2017-8-1,39.88,45.04,39.81,44.15,17363300,592886000,12
120350,2017-7-31,39.67,40.68,38.94,39.84,13138500,589540000,12
120351,2017-7-30,43.95,43.95,39.55,39.62,11709500,652927000,12
120352,2017-7-29,43.69,44.37,42.19,43.89,7053810,648884000,12
120353,2017-7-28,45.29,45.79,42.74,43.96,18694500,672368000,12
120354,2017-7-27,45.92,46.74,43.93,45.24,15960700,681502000,12
120355,2017-7-26,40.73,46.44,38.60,45.80,26033100,604269000,12
120356,2017-7-25,45.55,45.84,38.24,40.68,12706300,675620000,12
120357,2017-7-24,42.66,45.76,41.86,45.58,12102100,632493000,12
120358,2017-7-23,44.64,44.78,41.44,42.67,8634060,661581000,12
120359,2017-7-22,40.25,44.76,40.15,44.71,9028920,596297000,12
120360,2017-7-21,40.55,41.43,39.53,40.34,9572580,600573000,12
120361,2017-7-20,34.89,41.01,34.89,40.30,14905700,516643000,12
120362,2017-7-19,36.47,37.59,34.37,35.06,6994230,539762000,12
120363,2017-7-18,34.89,37.92,33.38,36.38,9949120,516217000,12
120364,2017-7-17,29.47,34.98,29.46,34.83,13708900,435925000,12
120365,2017-7-16,31.97,32.53,28.83,29.43,12434100,472681000,12
120366,2017-7-15,35.57,35.57,31.37,32.09,9718770,525794000,12
120367,2017-7-14,38.08,38.33,34.22,35.48,9558140,562680000,12
120368,2017-7-13,40.43,40.74,37.20,38.23,9969180,597277000,12
120369,2017-7-12,36.89,40.75,35.51,40.39,15785600,544765000,12
120370,2017-7-11,40.25,40.73,35.34,37.14,17988200,594108000,12
120371,2017-7-10,44.91,45.12,38.84,40.01,14633300,662645000,12
120372,2017-7-9,46.69,47.00,44.56,44.85,12681200,688769000,12
120373,2017-7-8,44.17,46.24,41.90,46.10,15801900,651286000,12
120374,2017-7-7,50.11,50.65,43.84,44.25,20324700,738662000,12
120375,2017-7-6,45.96,50.26,45.88,50.12,23168300,677244000,12
120376,2017-7-5,45.30,46.90,44.13,45.72,15243000,667353000,12
120377,2017-7-4,43.55,45.53,43.55,45.47,14850800,641305000,12
120378,2017-7-3,42.51,44.14,41.82,43.63,13141000,625802000,12
120379,2017-7-2,40.94,43.00,40.22,42.79,12774300,602361000,12
120380,2017-7-1,43.71,43.98,39.80,40.96,10673500,642898000,12
120381,2017-6-30,45.09,45.87,43.48,43.73,11338900,663056000,12
120382,2017-6-29,47.04,47.91,44.67,45.02,11470500,691512000,12
120383,2017-6-28,43.80,47.41,42.29,47.32,10812600,643627000,12
120384,2017-6-27,43.49,44.05,38.51,43.57,12171600,638919000,12
120385,2017-6-26,45.90,48.20,39.39,43.49,17033600,674032000,12
120386,2017-6-25,47.84,48.73,45.28,45.89,9156060,702334000,12
120387,2017-6-24,51.43,51.81,47.30,48.03,7786220,754764000,12
120388,2017-6-23,47.45,52.51,46.75,51.41,11033000,696116000,12
120389,2017-6-22,46.80,47.80,46.64,47.28,7443100,686351000,12
120390,2017-6-21,48.17,48.91,45.54,46.59,12133900,706159000,12
120391,2017-6-20,49.03,50.91,47.60,48.08,15178600,718495000,12
120392,2017-6-19,49.62,50.67,48.52,49.09,12502400,726891000,12
120393,2017-6-18,50.49,51.70,48.98,49.60,10122000,739370000,12
120394,2017-6-17,48.19,51.20,48.09,50.46,15646500,705427000,12
120395,2017-6-16,45.97,48.24,44.17,48.11,8711820,672698000,12
120396,2017-6-15,46.24,47.02,38.75,46.02,14252000,676380000,12
120397,2017-6-14,51.98,53.56,44.37,46.30,12407600,760132000,12
120398,2017-6-13,49.80,52.87,49.73,51.80,13362700,727975000,12
120399,2017-6-12,59.09,59.80,45.78,50.04,25425000,863418000,12
120400,2017-6-11,52.37,58.70,51.95,58.70,15485200,764939000,12
120401,2017-6-10,55.59,56.25,51.92,52.28,14465400,811671000,12
120402,2017-6-9,56.13,57.23,55.29,55.62,11941600,819313000,12
120403,2017-6-8,52.91,56.46,51.45,56.19,14708500,771963000,12
120404,2017-6-7,55.29,62.38,52.06,52.54,50623800,806489000,12
120405,2017-6-6,48.37,55.57,47.12,55.57,34918400,705243000,12
120406,2017-6-5,42.88,48.50,42.88,48.26,16780900,625055000,12
120407,2017-6-4,42.34,43.42,41.70,42.90,9805040,616914000,12
120408,2017-6-3,43.99,44.42,42.16,42.37,9819610,640642000,12
120409,2017-6-2,43.74,44.65,43.00,44.00,9539580,636754000,12
120410,2017-6-1,41.84,45.52,41.84,43.70,12849800,608922000,12
120411,2017-5-31,39.83,43.11,39.23,41.83,15027900,579429000,12
120412,2017-5-30,41.29,45.65,39.66,39.79,23048100,600461000,12
120413,2017-5-29,36.76,43.81,36.06,41.21,31360800,534431000,12
120414,2017-5-28,33.43,39.39,33.43,36.84,19020300,485858000,12
120415,2017-5-27,38.71,40.79,28.69,33.41,20990300,562314000,12
120416,2017-5-26,39.81,44.61,34.84,38.71,24735300,578017000,12
120417,2017-5-25,45.52,50.90,39.50,40.12,52485500,660745000,12
120418,2017-5-24,56.31,58.64,44.04,45.38,95915700,817013000,12
120419,2017-5-23,36.31,56.84,36.30,55.62,68629500,526642000,12
120420,2017-5-22,34.80,41.18,33.27,36.17,28469700,504584000,12
120421,2017-5-21,35.04,36.46,33.35,34.64,10952100,507841000,12
120422,2017-5-20,31.82,36.78,31.27,35.10,23733000,460963000,12
120423,2017-5-19,30.31,31.87,30.28,31.87,10692300,439025000,12
120424,2017-5-18,26.98,31.11,26.98,30.33,15586800,390685000,12
120425,2017-5-17,26.37,27.97,25.28,26.93,10576800,381592000,12
120426,2017-5-16,27.73,27.73,25.96,26.26,9801320,401220000,12
120427,2017-5-15,28.51,28.54,27.32,27.79,8160330,412305000,12
120428,2017-5-14,28.51,29.16,27.79,28.53,7419170,412198000,12
120429,2017-5-13,28.59,28.73,27.22,28.47,7213280,413130000,12
120430,2017-5-12,29.61,30.29,28.30,28.68,8023910,427789000,12
120431,2017-5-11,29.94,30.03,28.73,29.51,9288200,432298000,12
120432,2017-5-10,28.49,30.67,28.11,29.84,12732500,411189000,12
120433,2017-5-9,30.48,31.61,26.61,28.66,21083700,439752000,12
120434,2017-5-8,33.45,33.81,28.58,30.47,25549000,482431000,12
120435,2017-5-7,28.97,34.56,28.77,32.78,31328600,417648000,12
120436,2017-5-6,28.50,29.94,27.94,28.98,14355000,410681000,12
120437,2017-5-5,26.11,30.83,25.93,28.45,24376200,376183000,12
120438,2017-5-4,25.19,26.52,24.87,25.99,13585800,362797000,12
120439,2017-5-3,23.05,25.44,22.72,25.20,12602800,331818000,12
120440,2017-5-2,22.77,23.20,22.06,23.04,7486110,327660000,12
120441,2017-5-1,23.72,24.07,22.23,22.77,14214000,341171000,12
120442,2017-4-30,22.74,24.20,22.72,23.72,10910000,326962000,12
120443,2017-4-29,22.37,23.26,22.12,22.76,10461300,321539000,12
120444,2017-4-28,21.20,22.53,21.12,22.35,10457300,304527000,12
120445,2017-4-27,19.43,21.83,19.27,21.21,12843800,279099000,12
120446,2017-4-26,19.67,19.93,19.24,19.37,6027790,282326000,12
120447,2017-4-25,19.60,20.10,19.36,19.65,5148290,281316000,12
120448,2017-4-24,19.73,20.11,19.51,19.56,4584190,283007000,12
120449,2017-4-23,20.12,20.17,19.68,19.72,4155640,288495000,12
120450,2017-4-22,20.27,20.52,19.97,20.12,5266460,290548000,12
120451,2017-4-21,19.98,20.34,19.75,20.29,6704090,286297000,12
120452,2017-4-20,20.40,20.90,20.24,20.24,6216400,292149000,12
120453,2017-4-19,21.07,21.12,20.23,20.39,5877830,301594000,12
120454,2017-4-18,20.53,21.17,20.45,21.06,4459260,293752000,12
120455,2017-4-17,20.46,20.99,20.32,20.56,6055450,292659000,12
120456,2017-4-16,20.71,20.82,20.25,20.46,4222960,296093000,12
120457,2017-4-15,20.43,21.19,20.25,20.71,4483370,291985000,12
120458,2017-4-14,21.47,21.80,19.67,20.59,8949460,306779000,12
120459,2017-4-13,21.69,22.08,21.44,21.48,5980210,309846000,12
120460,2017-4-12,21.32,22.11,21.25,21.76,6401630,304441000,12
120461,2017-4-11,21.80,21.89,21.12,21.36,5356450,311171000,12
120462,2017-4-10,20.69,22.41,20.52,21.83,6591730,295155000,12
120463,2017-4-9,20.84,21.31,19.75,20.68,5711770,297207000,12
120464,2017-4-8,19.31,21.46,19.00,20.83,6218750,275199000,12
120465,2017-4-7,19.32,20.07,18.95,19.39,5499430,275287000,12
120466,2017-4-6,19.59,19.95,18.33,19.27,11553100,278971000,12
120467,2017-4-5,21.31,21.62,19.58,19.62,9188050,303396000,12
120468,2017-4-4,20.33,21.51,19.87,21.35,7062530,289275000,12
120469,2017-4-3,20.16,21.16,19.94,20.33,7080440,286817000,12
120470,2017-4-2,21.42,21.50,20.02,20.14,7427960,304574000,12
120471,2017-4-1,20.52,21.53,19.23,21.50,7622780,291737000,12
120472,2017-3-31,20.80,21.20,19.84,20.54,6955980,295489000,12
120473,2017-3-30,21.06,21.45,20.25,20.88,5993880,299146000,12
120474,2017-3-29,19.88,21.34,19.28,21.14,6704720,282266000,12
120475,2017-3-28,19.49,20.51,18.17,19.81,10061200,276545000,12
120476,2017-3-27,19.75,20.10,17.71,19.66,11887200,280203000,12
120477,2017-3-26,20.16,20.57,19.29,19.61,7408990,285884000,12
120478,2017-3-25,21.08,21.28,19.88,20.14,10858900,298839000,12
120479,2017-3-24,21.85,22.28,20.86,21.10,13807600,309519000,12
120480,2017-3-23,21.45,22.49,20.64,21.82,7419900,303834000,12
120481,2017-3-22,21.39,22.39,20.77,21.42,9699960,302815000,12
120482,2017-3-21,22.62,23.05,20.68,21.29,18555800,320139000,12
120483,2017-3-20,23.30,24.82,22.44,22.51,10860900,329623000,12
120484,2017-3-19,20.11,24.61,20.11,23.29,22162500,284253000,12
120485,2017-3-18,22.27,22.27,18.60,20.07,16830500,314731000,12
120486,2017-3-17,22.57,26.21,20.16,22.35,36529400,318778000,12
120487,2017-3-16,19.05,22.99,18.77,22.48,31673800,268957000,12
120488,2017-3-15,17.79,19.69,17.35,18.98,12265200,251092000,12
120489,2017-3-14,18.09,18.40,17.11,17.76,10072300,255287000,12
120490,2017-3-13,16.80,19.32,16.69,18.13,19566500,236958000,12
120491,2017-3-12,14.72,17.13,14.45,16.79,17931000,207508000,12
120492,2017-3-11,13.12,14.76,13.01,14.69,6499310,184883000,12
120493,2017-3-10,13.05,13.62,12.35,13.21,10802800,183864000,12
120494,2017-3-9,12.46,13.53,12.39,13.03,3489930,175497000,12
120495,2017-3-8,13.56,13.80,12.47,12.47,4244610,190803000,12
120496,2017-3-7,15.43,15.43,13.53,13.53,5928550,217011000,12
120497,2017-3-6,15.23,15.80,14.84,15.41,6913360,214098000,12
120498,2017-3-5,13.67,15.42,13.66,15.18,5455280,192123000,12
120499,2017-3-4,13.93,14.24,13.37,13.67,2239270,195774000,12
120500,2017-3-3,13.10,14.61,12.86,13.91,7926590,183919000,12
120501,2017-3-2,12.26,13.33,12.10,13.11,7161980,172124000,12
120502,2017-3-1,12.30,12.90,12.13,12.33,6449830,172621000,12
120503,2017-2-28,11.99,12.32,11.51,12.28,4316810,168185000,12
120504,2017-2-27,11.87,12.06,11.83,11.96,1343950,166428000,12
120505,2017-2-26,11.84,12.04,11.68,11.89,2039860,165867000,12
120506,2017-2-25,11.92,12.14,11.68,11.85,3102200,167003000,12
120507,2017-2-24,12.89,12.97,11.35,11.92,8707610,180492000,12
120508,2017-2-23,12.78,12.94,12.57,12.87,2875250,178859000,12
120509,2017-2-22,12.32,12.84,12.12,12.77,2486660,171785000,12
120510,2017-2-21,12.12,12.42,11.92,12.34,4476160,169036000,12
120511,2017-2-20,13.01,13.01,11.46,12.22,8429880,181531000,12
120512,2017-2-19,13.38,13.38,12.99,12.99,1663440,186681000,12
120513,2017-2-18,13.41,13.57,13.09,13.36,1871110,186995000,12
120514,2017-2-17,13.07,13.34,13.04,13.30,1711010,182332000,12
120515,2017-2-16,13.62,13.62,12.91,13.10,3256190,189926000,12
120516,2017-2-15,13.01,13.74,12.88,13.62,4811600,181497000,12
120517,2017-2-14,12.20,13.20,12.11,12.99,4166850,170135000,12
120518,2017-2-13,12.31,12.36,12.09,12.20,1687590,171557000,12
120519,2017-2-12,12.27,12.49,12.00,12.33,2154250,170839000,12
120520,2017-2-11,11.98,12.39,11.98,12.24,2190900,166808000,12
120521,2017-2-10,12.18,12.23,11.73,11.98,2472350,169520000,12
120522,2017-2-9,12.83,12.98,11.83,12.12,4268990,178405000,12
120523,2017-2-8,12.67,12.91,12.54,12.80,2124700,176193000,12
120524,2017-2-7,12.91,13.20,12.53,12.65,3523120,179398000,12
120525,2017-2-6,12.83,12.92,12.59,12.88,2124790,178164000,12
120526,2017-2-5,12.61,12.99,12.61,12.80,2054440,175095000,12
120527,2017-2-4,12.89,13.08,12.47,12.61,3475030,178965000,12
120528,2017-2-3,13.13,13.15,12.15,12.86,5732620,182089000,12
120529,2017-2-2,13.29,13.42,13.05,13.14,2841870,184201000,12
120530,2017-2-1,12.97,13.38,12.93,13.27,2715170,179699000,12
120531,2017-1-31,12.70,13.26,12.70,12.99,8919760,175986000,12
120532,2017-1-30,12.65,12.91,12.64,12.71,2171460,175164000,12
120533,2017-1-29,12.85,13.26,12.55,12.66,3027920,177874000,12
120534,2017-1-28,12.12,13.04,12.07,12.85,6585960,167743000,12
120535,2017-1-27,11.98,12.24,11.67,12.10,4346850,165604000,12
120536,2017-1-26,11.85,12.15,11.73,11.98,2172210,163778000,12
120537,2017-1-25,11.81,11.88,11.54,11.83,1897140,163221000,12
120538,2017-1-24,12.25,12.25,11.79,11.81,3121430,169206000,12
120539,2017-1-23,12.19,12.29,12.05,12.25,2414740,168236000,12
120540,2017-1-22,12.01,12.19,11.81,12.18,2588540,165727000,12
120541,2017-1-21,11.91,12.18,11.84,12.03,2878010,164256000,12
120542,2017-1-20,12.17,12.17,11.75,11.91,3768400,167736000,12
120543,2017-1-19,12.05,12.31,11.68,12.15,3546870,166091000,12
120544,2017-1-18,12.43,12.70,11.57,12.05,4232060,171153000,12
120545,2017-1-17,10.69,12.49,10.56,12.39,4403350,147101000,12
120546,2017-1-16,10.77,10.96,10.29,10.64,3507560,148169000,12
120547,2017-1-15,11.07,11.15,9.92,10.76,7417420,152277000,12
120548,2017-1-14,11.28,11.72,10.96,11.09,3439220,155007000,12
120549,2017-1-13,11.84,11.97,11.07,11.27,6063910,162603000,12
120550,2017-1-12,11.61,12.19,11.10,11.85,2923060,158831000,12
120551,2017-1-11,13.38,13.60,11.18,11.64,4338380,183143000,12
120552,2017-1-10,13.70,14.03,13.34,13.39,3943650,187430000,12
120553,2017-1-9,13.51,13.74,12.66,13.74,4649000,184874000,12
120554,2017-1-8,13.01,13.91,12.86,13.47,3741330,178079000,12
120555,2017-1-7,14.09,14.17,12.37,13.06,9904390,192770000,12
120556,2017-1-6,16.19,16.93,13.58,14.03,9256850,221476000,12
120557,2017-1-5,18.55,19.02,14.86,16.19,8528910,253879000,12
120558,2017-1-4,16.14,18.64,15.83,18.53,10179100,220820000,12
120559,2017-1-3,16.07,17.03,15.00,16.09,16381900,219693000,12
120560,2017-1-2,14.07,16.47,13.84,16.05,12171300,192331000,12
120561,2017-1-1,13.79,14.17,13.42,13.97,3923550,188431000,12
120562,2016-12-31,12.96,13.88,12.80,13.78,4421340,177027000,12
120563,2016-12-30,13.09,13.28,12.26,12.97,3491280,178684000,12
120564,2016-12-29,14.14,14.17,12.46,13.13,8200850,192960000,12
120565,2016-12-28,12.54,14.62,12.20,14.09,13579500,171000000,12
120566,2016-12-27,10.27,13.05,10.25,12.69,10888000,139913000,12
120567,2016-12-26,9.72,10.29,9.70,10.27,2243850,132352000,12
120568,2016-12-25,9.65,9.80,9.49,9.73,2456860,131445000,12
120569,2016-12-24,9.61,9.77,9.48,9.65,1553340,130752000,12
120570,2016-12-23,8.89,9.79,8.89,9.55,4014090,120963000,12
120571,2016-12-22,8.30,9.49,8.30,8.90,4342540,112882000,12
120572,2016-12-21,8.45,8.62,8.26,8.28,2788170,114871000,12
120573,2016-12-20,8.63,8.70,8.39,8.43,2093870,117248000,12
120574,2016-12-19,8.60,8.77,8.39,8.63,1948360,116756000,12
120575,2016-12-18,8.33,8.83,8.31,8.61,2073320,113063000,12
120576,2016-12-17,8.48,8.53,8.25,8.32,1046610,115014000,12
120577,2016-12-16,8.43,8.54,8.39,8.51,960469,114291000,12
120578,2016-12-15,8.43,8.55,8.26,8.42,1224190,114274000,12
120579,2016-12-14,8.23,8.59,8.11,8.41,3268750,111468000,12
120580,2016-12-13,8.07,8.14,7.97,8.11,892392,109172000,12
120581,2016-12-12,7.91,8.06,7.83,8.05,1037600,106974000,12
120582,2016-12-11,7.77,8.09,7.74,7.91,1511400,105063000,12
120583,2016-12-10,7.95,8.03,7.67,7.78,954105,107380000,12
120584,2016-12-9,7.80,8.07,7.79,7.95,1230840,105361000,12
120585,2016-12-8,7.87,8.03,7.73,7.79,1391520,106218000,12
120586,2016-12-7,7.54,8.01,7.32,7.89,1800020,101729000,12
120587,2016-12-6,7.91,7.96,7.16,7.54,3566450,106599000,12
120588,2016-12-5,7.83,8.15,7.68,7.91,2413870,105539000,12
120589,2016-12-4,8.26,8.42,7.80,7.80,2491800,111297000,12
120590,2016-12-3,8.21,8.56,8.09,8.27,2100120,110596000,12
120591,2016-12-2,8.50,8.50,7.92,8.23,6249910,114407000,12
120592,2016-12-1,8.93,9.13,8.36,8.58,5605070,120142000,12
120593,2016-11-30,7.63,9.31,7.21,8.95,11077200,102540000,12
120594,2016-11-29,7.91,7.99,7.48,7.60,2468920,106266000,12
120595,2016-11-28,7.92,8.08,7.78,7.89,1931140,106354000,12
120596,2016-11-27,7.63,8.12,7.59,7.93,2604180,102503000,12
120597,2016-11-26,7.55,7.81,7.40,7.62,1632680,101260000,12
120598,2016-11-25,7.79,7.80,7.33,7.54,2450680,104451000,12
120599,2016-11-24,7.94,8.37,7.58,7.81,5756150,106374000,12
120600,2016-11-23,7.66,8.11,7.56,7.91,4170450,102688000,12
120601,2016-11-22,6.81,8.24,6.78,7.69,9996320,91147700,12
120602,2016-11-21,6.58,6.88,6.56,6.80,1586190,88051400,12
120603,2016-11-20,6.56,6.88,6.43,6.58,3534630,87683700,12
120604,2016-11-19,6.72,6.86,6.46,6.55,2490080,89815300,12
120605,2016-11-18,6.77,7.10,6.53,6.72,3854500,90440300,12
120606,2016-11-17,6.55,6.97,6.22,6.79,4696950,87494100,12
120607,2016-11-16,7.34,7.47,6.12,6.58,9338200,98031100,12
120608,2016-11-15,7.74,7.92,7.20,7.30,3711090,103302000,12
120609,2016-11-14,7.11,8.13,7.09,7.71,5270540,94853000,12
120610,2016-11-13,7.42,8.11,6.97,7.10,8454760,98823800,12
120611,2016-11-12,6.82,7.68,6.63,7.44,7239650,90900300,12
120612,2016-11-11,6.15,6.98,5.89,6.78,4256380,81900600,12
120613,2016-11-10,6.19,6.48,6.01,6.10,3175600,82319000,12
120614,2016-11-9,6.31,6.54,5.58,6.19,8149530,83854100,12
120615,2016-11-8,5.77,6.82,5.72,6.32,9416390,76635700,12
120616,2016-11-7,4.97,5.85,4.92,5.74,3690120,65964200,12
120617,2016-11-6,4.98,5.03,4.88,4.97,666680,66184500,12
120618,2016-11-5,4.83,5.02,4.82,5.02,602968,64117100,12
120619,2016-11-4,4.86,5.12,4.70,4.85,2611470,64488800,12
120620,2016-11-3,4.54,5.27,4.51,4.89,4438690,60240900,12
120621,2016-11-2,4.73,5.01,4.38,4.51,2473050,62649500,12
120622,2016-11-1,5.10,5.24,4.56,4.71,3841800,67571600,12
120623,2016-10-31,5.54,5.61,4.84,5.12,3111700,73317000,12
120624,2016-10-30,5.14,5.70,4.81,5.57,5648010,68011700,12
120625,2016-10-29,5.72,5.84,4.28,5.14,10900200,75631700,12
120626,2016-10-28,6.22,6.35,5.63,5.73,3034820,82158200,12
120627,2016-10-27,6.17,6.38,5.99,6.21,2043670,81425600,12
120628,2016-10-26,6.09,6.21,5.82,6.17,1630120,80429200,12
120629,2016-10-25,6.42,6.43,5.77,6.09,2973160,84707300,12
120630,2016-10-24,6.51,6.61,6.41,6.42,628370,85860100,12
120631,2016-10-23,6.52,6.69,6.45,6.51,561283,85978900,12
120632,2016-10-22,6.79,6.81,6.24,6.52,2274680,89371800,12
120633,2016-10-21,6.59,6.91,6.43,6.78,1960270,86682400,12
120634,2016-10-20,6.63,7.20,6.48,6.56,2510020,87199300,12
120635,2016-10-19,6.57,7.13,6.49,6.62,2304340,86328800,12
120636,2016-10-18,6.29,6.79,6.08,6.57,2342430,82636300,12
120637,2016-10-17,6.39,6.41,5.70,6.28,3659990,83992100,12
120638,2016-10-16,6.57,6.63,6.12,6.38,2548440,86233800,12
120639,2016-10-15,6.92,6.93,6.45,6.56,1709700,90768800,12
120640,2016-10-14,6.94,7.18,6.83,6.92,1682900,90958000,12
120641,2016-10-13,7.28,7.31,6.78,6.91,2079340,95353000,12
120642,2016-10-12,7.28,7.62,7.17,7.31,2034800,95343700,12
120643,2016-10-11,6.92,7.74,6.60,7.28,5966020,90612500,12
120644,2016-10-10,7.56,7.59,6.78,6.94,3179780,98958700,12
120645,2016-10-9,6.90,7.69,6.89,7.48,2820040,90201300,12
120646,2016-10-8,6.89,7.18,6.62,6.88,1795650,90046400,12
120647,2016-10-7,7.19,7.67,6.56,6.89,4458730,93848400,12
120648,2016-10-6,6.71,7.29,6.37,7.18,4738590,87617200,12
120649,2016-10-5,7.66,7.66,6.13,6.76,9101390,99903600,12
120650,2016-10-4,7.95,8.12,7.45,7.65,2425600,103654000,12
120651,2016-10-3,8.31,8.55,7.82,7.95,3249380,108330000,12
120652,2016-10-2,7.33,8.48,7.32,8.30,4709360,95507100,12
120653,2016-10-1,8.42,8.42,7.17,7.36,8319930,109642000,12
120654,2016-9-30,8.65,8.66,7.99,8.41,5300920,112519000,12
120655,2016-9-29,9.40,9.41,8.32,8.71,5237580,122202000,12
120656,2016-9-28,9.33,9.50,9.19,9.40,1900470,121268000,12
120657,2016-9-27,9.36,9.60,9.18,9.31,2349090,121546000,12
120658,2016-9-26,10.25,10.36,9.14,9.40,7477270,133099000,12
120659,2016-9-25,10.62,10.70,10.19,10.24,2085390,137720000,12
120660,2016-9-24,10.80,11.03,10.63,10.63,1720410,139964000,12
120661,2016-9-23,10.12,11.01,10.03,10.77,3564780,131137000,12
120662,2016-9-22,9.96,10.59,9.96,10.16,3966670,129022000,12
120663,2016-9-21,11.25,11.25,9.78,9.92,6586410,145554000,12
120664,2016-9-20,10.54,11.69,10.32,11.15,11094000,136312000,12
120665,2016-9-19,9.45,10.85,9.07,10.56,8092940,122199000,12
120666,2016-9-18,9.69,9.78,9.25,9.45,2709710,125247000,12
120667,2016-9-17,8.88,9.82,8.82,9.68,4720550,114672000,12
120668,2016-9-16,9.50,9.83,8.75,8.91,7175750,122577000,12
120669,2016-9-15,10.53,10.53,9.33,9.41,7678600,135811000,12
120670,2016-9-14,10.96,10.96,10.31,10.51,5468580,141326000,12
120671,2016-9-13,10.26,11.36,9.85,10.88,14308800,132131000,12
120672,2016-9-12,10.66,11.01,9.97,10.03,12411600,137198000,12
120673,2016-9-11,12.26,12.41,10.53,10.69,15781800,157714000,12
120674,2016-9-10,12.33,12.58,11.98,12.23,7990970,158606000,12
120675,2016-9-9,12.71,13.63,12.08,12.43,14523800,163301000,12
120676,2016-9-8,11.91,13.00,11.54,12.74,18100000,152961000,12
120677,2016-9-7,12.44,12.88,11.10,11.83,20446100,159649000,12
120678,2016-9-6,13.84,14.19,11.99,12.46,25356900,177509000,12
120679,2016-9-5,13.57,14.26,12.58,13.96,24043200,173999000,12
120680,2016-9-4,11.13,13.87,10.41,13.39,31169900,142653000,12
120681,2016-9-3,10.19,15.04,9.90,10.59,66593800,130422000,12
120682,2016-9-2,7.97,10.61,7.82,10.21,27999500,102027000,12
120683,2016-9-1,8.52,8.84,7.85,8.00,12152000,108975000,12
120684,2016-8-31,8.51,8.86,7.49,8.58,20057400,108774000,12
120685,2016-8-30,8.49,9.17,7.95,8.49,15534600,108444000,12
120686,2016-8-29,9.35,10.69,8.07,8.50,46191400,119391000,12
120687,2016-8-28,5.30,9.51,5.09,9.51,49325800,67611100,12
120688,2016-8-27,4.25,5.30,4.21,5.30,8004280,54133400,12
120689,2016-8-26,4.13,4.62,4.09,4.18,6023340,52650700,12
120690,2016-8-25,4.46,4.51,3.73,4.15,7337870,56851200,12
120691,2016-8-24,4.66,5.07,4.36,4.42,6796020,59342000,12
120692,2016-8-23,4.03,5.32,4.00,4.72,21058200,51189700,12
120693,2016-8-22,2.53,5.23,2.53,3.99,18149400,32141200,12
120694,2016-8-21,2.44,2.60,2.40,2.54,790717,30968100,12
120695,2016-8-20,2.30,2.55,2.28,2.44,1869560,29221300,12
120696,2016-8-19,2.19,2.34,2.18,2.30,313760,27739300,12
120697,2016-8-18,2.24,2.26,2.15,2.19,381203,28372900,12
120698,2016-8-17,2.20,2.29,2.13,2.24,449444,27893300,12
120699,2016-8-16,2.18,2.27,2.08,2.20,760398,27615300,12
120700,2016-8-15,2.01,2.20,1.98,2.18,849798,25383800,12
120701,2016-8-14,1.98,2.09,1.88,2.01,396280,25091800,12
120702,2016-8-13,1.95,2.02,1.93,1.98,123245,24686400,12
120703,2016-8-12,1.98,1.99,1.89,1.95,122922,24956600,12
120704,2016-8-11,2.02,2.05,1.90,1.98,129604,25436700,12
120705,2016-8-10,2.05,2.05,1.95,2.01,210706,25834000,12
120706,2016-8-9,1.90,2.05,1.89,2.05,245059,23990400,12
120707,2016-8-8,1.90,1.99,1.84,1.90,199176,23901200,12
120708,2016-8-7,1.88,2.00,1.80,1.90,268531,23712300,12
120709,2016-8-6,1.79,1.93,1.74,1.88,268046,22548300,12
120710,2016-8-5,1.85,1.86,1.77,1.79,134743,23238600,12
120711,2016-8-4,1.57,1.90,1.57,1.85,497557,19787700,12
120712,2016-8-3,1.49,1.65,1.47,1.57,190375,18765200,12
120713,2016-8-2,1.70,1.74,1.43,1.49,303492,21299600,12
120714,2016-8-1,1.82,1.83,1.69,1.70,170108,22827700,12
120715,2016-7-31,1.91,1.94,1.80,1.82,147277,23977300,12
120716,2016-7-30,1.91,1.94,1.87,1.91,71012,23864700,12
120717,2016-7-29,1.85,1.95,1.82,1.89,106495,23201700,12
120718,2016-7-28,1.94,1.95,1.83,1.85,190937,24317300,12
120719,2016-7-27,1.83,1.95,1.76,1.94,257870,22861700,12
120720,2016-7-26,1.85,1.86,1.70,1.83,268872,23060800,12
120721,2016-7-25,1.86,1.89,1.82,1.85,94316,23229400,12
120722,2016-7-24,1.90,1.94,1.83,1.88,161485,23663800,12
120723,2016-7-23,1.83,1.91,1.81,1.89,132721,22802400,12
120724,2016-7-22,1.73,1.85,1.72,1.83,183573,21524900,12
120725,2016-7-21,1.77,1.81,1.72,1.74,143002,22060100,12
120726,2016-7-20,1.90,1.93,1.73,1.76,368224,23690500,12
120727,2016-7-19,1.95,1.96,1.85,1.90,206251,24268200,12
120728,2016-7-18,1.99,2.02,1.94,1.95,108747,24730000,12
120729,2016-7-17,1.98,2.01,1.95,1.99,167463,24567700,12
120730,2016-7-16,2.00,2.02,1.97,1.98,69994,24821700,12
120731,2016-7-15,2.01,2.03,1.94,1.99,189098,24905300,12
120732,2016-7-14,1.94,2.03,1.93,2.01,172552,24010100,12
120733,2016-7-13,1.98,2.00,1.90,1.93,294296,24510200,12
120734,2016-7-12,1.98,2.08,1.95,1.99,347642,24548500,12
120735,2016-7-11,1.91,2.03,1.89,1.98,213005,23651500,12
120736,2016-7-10,1.96,1.96,1.86,1.91,224404,24175800,12
120737,2016-7-9,1.99,1.99,1.84,1.96,307833,24528700,12
120738,2016-7-8,1.90,2.02,1.86,1.98,433750,23471600,12
120739,2016-7-7,1.94,2.11,1.82,1.90,1565910,23934100,12
120740,2016-7-6,1.73,1.98,1.72,1.94,510090,21273100,12
120741,2016-7-5,1.71,1.74,1.64,1.73,154989,21078100,12
120742,2016-7-4,1.70,1.80,1.66,1.71,151474,20912300,12
120743,2016-7-3,1.75,1.85,1.70,1.70,326072,21541800,12
120744,2016-7-2,1.66,1.79,1.64,1.75,228270,20444700,12
120745,2016-7-1,1.59,1.70,1.58,1.66,148728,19525900,12
120746,2016-6-30,1.54,1.61,1.50,1.61,232728,18945900,12
120747,2016-6-29,1.49,1.60,1.46,1.55,314944,18335500,12
120748,2016-6-28,1.48,1.51,1.43,1.49,173566,18129100,12
120749,2016-6-27,1.48,1.49,1.38,1.48,184373,18138600,12
120750,2016-6-26,1.56,1.61,1.46,1.48,75189,19071300,12
120751,2016-6-25,1.58,1.65,1.51,1.55,168083,19305300,12
120752,2016-6-24,1.56,1.66,1.52,1.59,241911,19077300,12
120753,2016-6-23,1.49,1.57,1.40,1.56,198638,18208400,12
120754,2016-6-22,1.61,1.72,1.49,1.50,376492,19621200,12
120755,2016-6-21,1.83,1.87,1.56,1.61,543359,22278200,12
120756,2016-6-20,1.86,1.91,1.72,1.83,570846,22717200,12
120757,2016-6-19,2.03,2.06,1.81,1.87,663871,24740500,12
120758,2016-6-18,1.77,2.34,1.77,2.01,2663250,21492400,12
120759,2016-6-17,1.57,1.79,1.48,1.75,643511,19121000,12
120760,2016-6-16,1.47,1.63,1.43,1.58,349747,17829600,12
120761,2016-6-15,1.37,1.50,1.33,1.46,334636,16664500,12
120762,2016-6-14,1.28,1.41,1.24,1.39,268605,15568200,12
120763,2016-6-13,1.25,1.37,1.25,1.28,276844,15197600,12
120764,2016-6-12,1.14,1.28,1.11,1.25,285841,13806400,12
120765,2016-6-11,1.14,1.18,1.12,1.14,207863,13832200,12
120766,2016-6-10,1.11,1.19,1.08,1.15,267163,13495300,12
120767,2016-6-9,0.994472,1.22,0.989995,1.11,483161,12029500,12
120768,2016-6-8,1.01,1.02,0.971487,0.999952,70837,12232100,12
120769,2016-6-7,1.00,1.01,0.958776,1.01,86376,12082300,12
120770,2016-6-6,1.01,1.05,0.987163,1.01,89836,12135000,12
120771,2016-6-5,0.973615,1.01,0.960302,1.00,87680,11742600,12
120772,2016-6-4,0.940914,0.991519,0.940438,0.974353,91404,11340400,12
120773,2016-6-3,0.926588,0.958702,0.924081,0.945202,74145,11159300,12
120774,2016-6-2,0.913437,0.933852,0.907306,0.926680,39987,10992500,12
120775,2016-6-1,0.934166,0.950454,0.873635,0.914871,105338,11234300,12
120776,2016-5-31,0.909725,0.969137,0.901513,0.928747,156718,10932000,12
120777,2016-5-30,0.880528,0.919046,0.876059,0.910537,66482,10573600,12
120778,2016-5-29,0.928311,0.956759,0.856513,0.881719,188141,11139000,12
120779,2016-5-28,0.861864,0.921455,0.846382,0.919737,174774,10333800,12
120780,2016-5-27,0.860189,0.874443,0.830595,0.859091,151612,10306700,12
120781,2016-5-26,0.865867,0.909060,0.842439,0.860175,100025,10366800,12
120782,2016-5-25,0.899239,0.918087,0.864997,0.865887,87610,10758600,12
120783,2016-5-24,0.914471,0.992032,0.901127,0.901127,220308,10932800,12
120784,2016-5-23,0.938519,0.959660,0.904732,0.914730,120334,11125300,12
120785,2016-5-22,0.975337,0.985725,0.920184,0.938764,194865,11561800,12
120786,2016-5-21,0.940434,1.00,0.934302,0.975433,115767,11148000,12
120787,2016-5-20,0.858781,0.986409,0.852128,0.942222,314964,10180100,12
120788,2016-5-19,0.840467,0.868031,0.828803,0.853595,139069,9963010,12
120789,2016-5-18,0.813099,0.878206,0.800627,0.840542,214210,9638580,12
120790,2016-5-17,0.818318,0.854000,0.806392,0.813343,125123,9700450,12
120791,2016-5-16,0.826412,0.850339,0.806073,0.818356,107300,9796400,12
120792,2016-5-15,0.838644,0.856903,0.806740,0.823823,56531,9941400,12
120793,2016-5-14,0.847938,0.859677,0.824663,0.838895,27725,10051600,12
120794,2016-5-13,0.875739,0.883328,0.841779,0.847763,66386,10381100,12
120795,2016-5-12,0.859854,0.887074,0.844275,0.875668,88976,10187100,12
120796,2016-5-11,0.828834,0.869361,0.827390,0.859710,51107,9812260,12
120797,2016-5-10,0.825951,0.875618,0.812145,0.829463,134752,9770550,12
120798,2016-5-9,0.848722,0.867028,0.814215,0.825393,91542,10032500,12
120799,2016-5-8,0.880503,0.897977,0.835346,0.850586,76975,10400200,12
120800,2016-5-7,0.877036,0.884583,0.832369,0.880058,110546,10350800,12
120801,2016-5-6,0.906994,0.919050,0.868383,0.877466,71046,10696600,12
120802,2016-5-5,0.916448,0.922198,0.879480,0.906841,76568,10799800,12
120803,2016-5-4,0.917480,0.950575,0.899844,0.916455,102053,10803000,12
120804,2016-5-3,0.963722,0.977479,0.908237,0.908237,103842,11338900,12
120805,2016-5-2,0.911209,1.00,0.895719,0.964395,212997,10712600,12
120806,2016-5-1,0.916798,0.945897,0.894976,0.914293,64193,10770300,12
120807,2016-4-30,0.883464,0.970719,0.883464,0.916537,127183,10370200,12
120808,2016-4-29,0.904687,0.934122,0.872672,0.883684,101368,10610600,12
120809,2016-4-28,0.943459,0.953414,0.882325,0.904794,98147,11056500,12
120810,2016-4-27,0.894009,0.976240,0.860762,0.941531,300067,10469100,12
120811,2016-4-26,0.962278,0.995101,0.844770,0.884295,339835,11259900,12
120812,2016-4-25,1.02,1.04,0.942687,0.953362,209133,11946300,12
120813,2016-4-24,1.03,1.04,0.987257,1.01,117386,12074100,12
120814,2016-4-23,0.977764,1.05,0.977764,1.04,111624,11414300,12
120815,2016-4-22,0.968430,1.01,0.951049,0.980429,142996,11296200,12
120816,2016-4-21,1.06,1.07,0.946187,0.977233,217840,12296600,12
120817,2016-4-20,1.11,1.12,1.00,1.06,317076,12979400,12
120818,2016-4-19,1.11,1.16,1.10,1.11,279257,12966100,12
120819,2016-4-18,1.04,1.12,1.02,1.11,294792,12039000,12
120820,2016-4-17,0.978342,1.08,0.969814,1.04,306365,11365600,12
120821,2016-4-16,0.990496,0.997399,0.947430,0.977983,111910,11497200,12
120822,2016-4-15,1.01,1.02,0.954306,0.990145,366008,11676400,12
120823,2016-4-14,1.03,1.06,0.976168,1.01,199039,11927900,12
120824,2016-4-13,0.944542,1.07,0.922155,1.03,411783,10937600,12
120825,2016-4-12,1.02,1.03,0.875678,0.955986,607158,11826700,12
120826,2016-4-11,1.12,1.13,0.986046,1.02,307904,12947200,12
120827,2016-4-10,1.14,1.17,0.921744,1.10,1270300,13205500,12
120828,2016-4-9,1.26,1.37,1.13,1.13,937009,14502600,12
120829,2016-4-8,1.51,1.54,1.14,1.24,535958,17391700,12
120830,2016-4-7,1.51,1.57,1.50,1.50,293003,17377700,12
120831,2016-4-6,1.52,1.57,1.46,1.51,253803,17481400,12
120832,2016-4-5,1.58,1.58,1.45,1.52,404485,18159400,12
120833,2016-4-4,1.55,1.60,1.50,1.60,296207,17833100,12
120834,2016-4-3,1.53,1.58,1.48,1.54,255047,17571800,12
120835,2016-4-2,1.46,1.57,1.46,1.55,438901,16776400,12
120836,2016-4-1,1.41,1.48,1.41,1.46,353597,16163900,12
120837,2016-3-31,1.44,1.46,1.39,1.40,197875,16467000,12
120838,2016-3-30,1.48,1.52,1.41,1.45,324062,16984700,12
120839,2016-3-29,1.49,1.53,1.46,1.49,324528,17031100,12
120840,2016-3-28,1.53,1.56,1.40,1.49,591183,17537000,12
120841,2016-3-27,1.69,1.72,1.43,1.53,981701,19298200,12
120842,2016-3-26,1.60,1.73,1.58,1.70,505566,18282700,12
120843,2016-3-25,1.69,1.75,1.58,1.60,742739,19285200,12
120844,2016-3-24,1.45,1.73,1.39,1.70,1231660,16565500,12
120845,2016-3-23,1.35,1.46,1.34,1.45,439967,15365800,12
120846,2016-3-22,1.48,1.53,1.34,1.39,601296,16789700,12
120847,2016-3-21,1.52,1.54,1.36,1.49,819654,17283300,12
120848,2016-3-20,1.20,1.53,1.20,1.52,979776,13655000,12
120849,2016-3-19,1.15,1.26,1.13,1.21,273033,13006700,12
120850,2016-3-18,1.31,1.33,1.11,1.15,408786,14849600,12
120851,2016-3-17,1.15,1.34,1.05,1.30,510610,12979400,12
120852,2016-3-16,1.14,1.20,1.12,1.15,156281,12879300,12
120853,2016-3-15,1.12,1.18,1.10,1.14,221688,12636200,12
120854,2016-3-14,1.24,1.24,1.11,1.12,195842,13996400,12
120855,2016-3-13,1.15,1.25,1.13,1.24,276132,13009500,12
120856,2016-3-12,1.10,1.19,1.06,1.15,332215,12375400,12
120857,2016-3-11,1.10,1.14,1.08,1.10,134947,12350800,12
120858,2016-3-10,1.25,1.31,1.07,1.09,437740,14035500,12
120859,2016-3-9,1.19,1.32,1.10,1.24,826080,13340700,12
120860,2016-3-8,1.08,1.19,1.02,1.19,339627,12128800,12
120861,2016-3-7,1.21,1.22,0.999920,1.07,514730,13540700,12
120862,2016-3-6,1.20,1.26,1.05,1.20,912620,13405300,12
120863,2016-3-5,1.10,1.37,1.10,1.20,1150340,12335200,12
120864,2016-3-4,1.09,1.25,1.04,1.10,822636,12255400,12
120865,2016-3-3,0.823845,1.14,0.817970,1.09,782236,9215560,12
120866,2016-3-2,0.846396,0.869524,0.820669,0.827633,127689,9459500,12
120867,2016-3-1,0.870027,0.889621,0.819532,0.847996,204620,9715260,12
120868,2016-2-29,0.870271,0.890505,0.848024,0.870503,136190,9709570,12
120869,2016-2-28,0.828838,0.888928,0.803117,0.870485,145400,9239080,12
120870,2016-2-27,0.820387,0.859694,0.806601,0.829700,101882,9136830,12
120871,2016-2-26,0.806193,0.824461,0.791316,0.813595,75396,8971020,12
120872,2016-2-25,0.806463,0.887144,0.784579,0.806427,234953,8966000,12
120873,2016-2-24,0.757318,0.801767,0.746250,0.801251,121771,8412300,12
120874,2016-2-23,0.780228,0.794417,0.733614,0.756528,81027,8659060,12
120875,2016-2-22,0.779640,0.826471,0.757781,0.778030,131583,8644680,12
120876,2016-2-21,0.822279,0.831479,0.739073,0.782148,180109,9108810,12
120877,2016-2-20,0.828511,0.883552,0.788912,0.824465,308919,9170240,12
120878,2016-2-19,0.774915,0.852190,0.731723,0.819088,199937,8569200,12
120879,2016-2-18,0.732115,0.793629,0.693414,0.774533,220495,8088710,12
120880,2016-2-17,0.952018,0.954261,0.711905,0.733156,623116,10508400,12
120881,2016-2-16,0.791869,1.00,0.770798,0.935744,846371,8732960,12
120882,2016-2-15,0.826702,0.851612,0.738173,0.791647,450366,9108640,12
120883,2016-2-14,0.805152,0.852597,0.680174,0.846403,564309,8863020,12
120884,2016-2-13,0.605330,0.903807,0.603464,0.804311,1044850,6657360,12
120885,2016-2-12,0.517753,0.617738,0.510167,0.612499,173507,5688740,12
120886,2016-2-11,0.479195,0.595656,0.477212,0.516381,227183,5260650,12
120887,2016-2-10,0.464797,0.483992,0.456572,0.480424,52572,5097630,12
120888,2016-2-9,0.481638,0.484413,0.463913,0.464850,39705,5277410,12
120889,2016-2-8,0.478246,0.502676,0.478246,0.481636,30834,5235370,12
120890,2016-2-7,0.484194,0.504286,0.471624,0.479407,53520,5295570,12
120891,2016-2-6,0.493660,0.494883,0.469674,0.480421,35794,5394270,12
120892,2016-2-5,0.506717,0.513125,0.484886,0.496352,49762,5531990,12
120893,2016-2-4,0.494891,0.518876,0.491945,0.507164,31220,5397650,12
120894,2016-2-3,0.501236,0.501540,0.486799,0.491974,26092,5461780,12
120895,2016-2-2,0.503276,0.507891,0.491114,0.501037,20583,5479010,12
120896,2016-2-1,0.486532,0.508789,0.483038,0.497962,42354,5291940,12
120897,2016-1-31,0.511871,0.518856,0.482378,0.483429,43787,5562150,12
120898,2016-1-30,0.516054,0.522529,0.487912,0.511528,40357,5602610,12
120899,2016-1-29,0.564969,0.564969,0.484859,0.518250,82072,6127640,12
120900,2016-1-28,0.610622,0.627402,0.559235,0.563129,50054,6616930,12
120901,2016-1-27,0.584655,0.622019,0.565625,0.610870,122466,6329330,12
120902,2016-1-26,0.582868,0.644975,0.573788,0.584982,85768,6303850,12
120903,2016-1-25,0.626776,0.626776,0.563546,0.581354,74134,6772480,12
120904,2016-1-24,0.616407,0.651889,0.590431,0.622050,145260,6653740,12
120905,2016-1-23,0.536673,0.649985,0.515369,0.616020,187212,5787340,12
120906,2016-1-22,0.551754,0.555050,0.511548,0.536995,66462,5944340,12
120907,2016-1-21,0.531672,0.572390,0.519337,0.549362,65915,5722620,12
120908,2016-1-20,0.543377,0.572267,0.515125,0.535095,120678,5842690,12
120909,2016-1-19,0.505234,0.547589,0.499941,0.545904,91400,5427510,12
120910,2016-1-18,0.447013,0.508079,0.444039,0.502346,65860,4797500,12
120911,2016-1-17,0.499139,0.509040,0.435545,0.450774,61136,5351640,12
120912,2016-1-16,0.426969,0.501106,0.426614,0.496668,38893,4573430,12
120913,2016-1-15,0.485673,0.489764,0.428456,0.428456,43534,5197330,12
120914,2016-1-14,0.485144,0.496792,0.473786,0.486483,34524,5186490,12
120915,2016-1-13,0.485822,0.489039,0.456484,0.484302,43051,5188720,12
120916,2016-1-12,0.481367,0.508041,0.470785,0.490113,51116,5135940,12
120917,2016-1-11,0.491365,0.497664,0.475990,0.482049,22051,5237660,12
120918,2016-1-10,0.489759,0.523419,0.477837,0.488578,31087,5215390,12
120919,2016-1-9,0.485166,0.513370,0.485019,0.490135,29526,5161200,12
120920,2016-1-8,0.490154,0.505359,0.484898,0.488417,19424,5209180,12
120921,2016-1-7,0.503148,0.519682,0.478614,0.492529,47307,5341860,12
120922,2016-1-6,0.499220,0.516756,0.495520,0.505053,19057,5295000,12
120923,2016-1-5,0.517417,0.542459,0.494788,0.499272,30449,5482480,12
120924,2016-1-4,0.506154,0.528551,0.498989,0.517388,29381,5357790,12
120925,2016-1-3,0.532842,0.540589,0.490855,0.500312,43237,5634660,12
120926,2016-1-2,0.498302,0.564373,0.498302,0.532668,64901,5264120,12
120927,2016-1-1,0.470707,0.556793,0.465202,0.497867,88914,4967640,12
120928,2015-12-31,0.441443,0.473527,0.438939,0.470402,27510,4654080,12
120929,2015-12-30,0.456351,0.471401,0.437645,0.441028,34389,4806230,12
120930,2015-12-29,0.446724,0.470286,0.441525,0.456160,14980,4700130,12
120931,2015-12-28,0.452179,0.459890,0.443942,0.446928,14727,4752790,12
120932,2015-12-27,0.448906,0.466400,0.440986,0.451554,16567,4713750,12
120933,2015-12-26,0.488908,0.494685,0.436318,0.446716,16968,5128550,12
120934,2015-12-25,0.489532,0.496537,0.482095,0.484163,9978,5129570,12
120935,2015-12-24,0.480936,0.493704,0.474434,0.490058,23611,5034380,12
120936,2015-12-23,0.478893,0.499558,0.467131,0.482244,36501,5007830,12
120937,2015-12-22,0.488346,0.507606,0.457085,0.480099,25924,5101530,12
120938,2015-12-21,0.505214,0.515024,0.450852,0.488745,56810,5272120,12
120939,2015-12-20,0.472986,0.514500,0.453287,0.507456,43384,4930890,12
120940,2015-12-19,0.499377,0.500674,0.469805,0.471013,23387,5200550,12
120941,2015-12-18,0.500976,0.510883,0.491797,0.499438,18904,5211360,12
120942,2015-12-17,0.519080,0.532793,0.495784,0.501231,19565,5394470,12
120943,2015-12-16,0.555805,0.556907,0.515000,0.518993,27338,5769580,12
120944,2015-12-15,0.536327,0.561471,0.521320,0.556358,38572,5561680,12
120945,2015-12-14,0.474014,0.564516,0.463613,0.534761,98330,4910560,12
120946,2015-12-13,0.455545,0.469722,0.445625,0.465171,28983,4714140,12
120947,2015-12-12,0.459582,0.481152,0.424192,0.455326,17071,4751070,12
120948,2015-12-11,0.430741,0.465265,0.430741,0.458294,19202,4448200,12
120949,2015-12-10,0.450669,0.456122,0.416312,0.431434,22548,4649320,12
120950,2015-12-9,0.431950,0.465338,0.425805,0.452073,35438,4451310,12
120951,2015-12-8,0.421141,0.433819,0.395307,0.429360,40491,4335150,12
120952,2015-12-7,0.428331,0.448007,0.413978,0.421295,29885,4404700,12
120953,2015-12-6,0.441376,0.472206,0.423569,0.439947,43779,4533980,12
120954,2015-12-5,0.371867,0.461083,0.367797,0.451304,61840,3815610,12
120955,2015-12-4,0.370545,0.385908,0.361464,0.370805,22222,3797980,12
120956,2015-12-3,0.368825,0.389666,0.362636,0.366891,19257,3776240,12
120957,2015-12-2,0.376133,0.387212,0.360591,0.368688,15544,3846870,12
120958,2015-12-1,0.393141,0.414991,0.363408,0.376028,20746,4016600,12
120959,2015-11-30,0.401331,0.428038,0.374931,0.395225,30652,4095740,12
120960,2015-11-29,0.392537,0.407767,0.383381,0.401147,14276,4001630,12
120961,2015-11-28,0.385953,0.396764,0.379471,0.392040,14046,3930100,12
120962,2015-11-27,0.401079,0.410845,0.370903,0.386268,30668,4079510,12
120963,2015-11-26,0.387136,0.421036,0.375184,0.404663,29751,3933670,12
120964,2015-11-25,0.391612,0.394932,0.371908,0.387684,18839,3974460,12
120965,2015-11-24,0.390972,0.398646,0.374851,0.390148,13449,3963690,12
120966,2015-11-23,0.396207,0.396207,0.377029,0.391113,7900,4012210,12
120967,2015-11-22,0.391161,0.396945,0.378655,0.395824,8345,3956810,12
120968,2015-11-21,0.390449,0.408989,0.375678,0.391906,29577,3945290,12
120969,2015-11-20,0.403695,0.406138,0.379315,0.389316,9764,4074550,12
120970,2015-11-19,0.415762,0.420251,0.395156,0.407052,23986,4191680,12
120971,2015-11-18,0.432350,0.433141,0.408752,0.415567,19508,4354230,12
120972,2015-11-17,0.436079,0.448905,0.421571,0.428999,11601,4386510,12
120973,2015-11-16,0.430657,0.440980,0.414873,0.435954,15841,4327140,12
120974,2015-11-15,0.425155,0.438183,0.406889,0.430810,23747,4266860,12
120975,2015-11-14,0.449764,0.457954,0.418860,0.424853,22033,4508820,12
120976,2015-11-13,0.442413,0.466205,0.420078,0.452619,25508,4430220,12
120977,2015-11-12,0.450587,0.464221,0.412313,0.443275,46397,4506870,12
120978,2015-11-11,0.457574,0.464213,0.411360,0.450299,39549,4571590,12
120979,2015-11-10,0.471436,0.503834,0.448403,0.460954,30024,4704550,12
120980,2015-11-9,0.499060,0.503041,0.463946,0.472776,33642,4974750,12
120981,2015-11-8,0.452099,0.559047,0.440685,0.497654,50506,4501570,12
120982,2015-11-7,0.439904,0.462344,0.435360,0.452638,15748,4375090,12
120983,2015-11-6,0.434111,0.460322,0.400474,0.439195,17578,4312520,12
120984,2015-11-5,0.502058,0.512523,0.424480,0.432530,18894,4981470,12
120985,2015-11-4,0.446854,0.577542,0.442558,0.505869,81510,4428490,12
120986,2015-11-3,0.443038,0.473188,0.418063,0.442707,71241,4385640,12
120987,2015-11-2,0.423200,0.445866,0.408869,0.442886,45683,4184520,12
120988,2015-11-1,0.402422,0.434974,0.402422,0.423505,27614,3974440,12
120989,2015-10-31,0.452474,0.459883,0.397492,0.404538,19924,4463440,12
120990,2015-10-30,0.447587,0.476094,0.389679,0.456442,66360,4410090,12
120991,2015-10-29,0.447411,0.461054,0.421973,0.447103,45553,4403050,12
120992,2015-10-28,0.410770,0.449257,0.401033,0.448829,41102,4037860,12
120993,2015-10-27,0.390942,0.412288,0.383613,0.409574,23061,3838270,12
120994,2015-10-26,0.407862,0.409649,0.377313,0.387960,20914,3999670,12
120995,2015-10-25,0.395660,0.424338,0.385677,0.407067,28219,3875360,12
120996,2015-10-24,0.391922,0.398093,0.380405,0.395808,21783,3834210,12
120997,2015-10-23,0.403452,0.405415,0.390979,0.393922,23478,3942040,12
120998,2015-10-22,0.394789,0.403582,0.384388,0.403236,14927,3852920,12
120999,2015-10-21,0.400869,0.400869,0.381960,0.394597,21249,3907320,12
121000,2015-10-20,0.397011,0.400255,0.376777,0.399646,36344,3865110,12
121001,2015-10-19,0.409815,0.414749,0.383501,0.403212,30649,3985030,12
121002,2015-10-18,0.426104,0.427756,0.406558,0.409797,10726,4138260,12
121003,2015-10-17,0.412300,0.436358,0.410916,0.426942,25424,3999330,12
121004,2015-10-16,0.393517,0.411840,0.379642,0.411511,35622,3812460,12
121005,2015-10-15,0.383465,0.403249,0.382849,0.390841,26749,3710570,12
121006,2015-10-14,0.388551,0.396034,0.382399,0.384266,20717,3755190,12
121007,2015-10-13,0.396510,0.396510,0.382108,0.388015,20881,3827290,12
121008,2015-10-12,0.380350,0.402801,0.379191,0.395317,17245,3666600,12
121009,2015-10-11,0.387736,0.396020,0.376980,0.380724,33411,3733480,12
121010,2015-10-10,0.394552,0.394552,0.384232,0.387789,12722,3794300,12
121011,2015-10-9,0.389521,0.400610,0.379771,0.397329,20221,3741360,12
121012,2015-10-8,0.393370,0.410677,0.387575,0.387872,28191,3773330,12
121013,2015-10-7,0.410812,0.417501,0.392512,0.393186,19953,3935680,12
121014,2015-10-6,0.415127,0.426898,0.407630,0.411378,13031,3971950,12
121015,2015-10-5,0.400232,0.428543,0.382255,0.416151,17443,3824600,12
121016,2015-10-4,0.409750,0.410795,0.399259,0.400312,7905,3910740,12
121017,2015-10-3,0.409377,0.416073,0.404727,0.409928,15752,3902290,12
121018,2015-10-2,0.405273,0.414980,0.394695,0.409897,24588,3858300,12
121019,2015-10-1,0.401044,0.429373,0.394394,0.404696,27172,3813330,12
121020,2015-9-30,0.437495,0.437785,0.350445,0.399882,91652,4154530,12
121021,2015-9-29,0.449097,0.450184,0.430411,0.435817,18912,4259180,12
121022,2015-9-28,0.440906,0.454246,0.436447,0.448998,22851,4176170,12
121023,2015-9-27,0.445040,0.451799,0.436453,0.437710,15986,4209850,12
121024,2015-9-26,0.453607,0.468061,0.441743,0.445105,39062,4285200,12
121025,2015-9-25,0.470271,0.476337,0.442823,0.451515,72674,4436980,12
121026,2015-9-24,0.464555,0.470385,0.456599,0.468678,16085,4377470,12
121027,2015-9-23,0.467306,0.476228,0.452022,0.464606,26708,4397630,12
121028,2015-9-22,0.481006,0.481633,0.459210,0.471829,20004,4520690,12
121029,2015-9-21,0.488108,0.493709,0.478568,0.480452,10323,4581520,12
121030,2015-9-20,0.498473,0.502246,0.479377,0.485971,23345,4672440,12
121031,2015-9-19,0.498444,0.503089,0.491181,0.496418,13090,4666030,12
121032,2015-9-18,0.494870,0.504580,0.482009,0.500440,12727,4626560,12
121033,2015-9-17,0.510042,0.521257,0.478933,0.494782,63098,4762110,12
121034,2015-9-16,0.502213,0.510922,0.478238,0.509974,42561,4682750,12
121035,2015-9-15,0.483566,0.569801,0.478813,0.502379,40322,4502900,12
121036,2015-9-14,0.458575,0.506924,0.451980,0.482289,61609,4264430,12
121037,2015-9-13,0.464892,0.476977,0.451275,0.462865,18133,4317610,12
121038,2015-9-12,0.495145,0.495145,0.459555,0.465473,21998,4592370,12
121039,2015-9-11,0.497159,0.506059,0.489671,0.495325,25292,4604850,12
121040,2015-9-10,0.506263,0.517275,0.492157,0.497247,19215,4682800,12
121041,2015-9-9,0.517122,0.532130,0.495952,0.506011,46479,4776830,12
121042,2015-9-8,0.498696,0.519969,0.496269,0.517402,23332,4600200,12
121043,2015-9-7,0.505125,0.508743,0.491372,0.499452,14904,4653130,12
121044,2015-9-6,0.481595,0.507062,0.478950,0.505111,20838,4430410,12
121045,2015-9-5,0.470903,0.482948,0.465358,0.481594,25003,4326210,12
121046,2015-9-4,0.459605,0.474420,0.455117,0.467874,19213,4216670,12
121047,2015-9-3,0.468598,0.474624,0.458676,0.459290,26802,4293320,12
121048,2015-9-2,0.457513,0.472726,0.453460,0.468083,17633,4185830,12
121049,2015-9-1,0.467261,0.470225,0.455776,0.458517,13804,4269290,12
121050,2015-8-31,0.465863,0.480005,0.456943,0.467238,20464,4250620,12
121051,2015-8-30,0.476522,0.481059,0.455379,0.459009,19851,4341760,12
121052,2015-8-29,0.476754,0.487442,0.462900,0.476550,30004,4337790,12
121053,2015-8-28,0.465286,0.489536,0.450725,0.481627,24895,4227600,12
121054,2015-8-27,0.495994,0.499538,0.459141,0.465475,22233,4500310,12
121055,2015-8-26,0.490084,0.519656,0.482042,0.496679,18296,4440300,12
121056,2015-8-25,0.433043,0.495155,0.413889,0.490286,32249,3918090,12
121057,2015-8-24,0.542486,0.553264,0.433056,0.434871,77454,4901250,12
121058,2015-8-23,0.552861,0.556044,0.512382,0.544585,31062,4988090,12
121059,2015-8-22,0.567801,0.573310,0.536860,0.553084,22258,5115700,12
121060,2015-8-21,0.598620,0.613015,0.566985,0.568307,40345,5385120,12
121061,2015-8-20,0.541129,0.617613,0.535015,0.597797,69637,4861220,12
121062,2015-8-19,0.488089,0.545772,0.488089,0.534101,35406,4378560,12
121063,2015-8-18,0.610303,0.620896,0.493284,0.493284,32718,5466910,12
121064,2015-8-17,0.619902,0.626488,0.586213,0.610122,45312,5544840,12
121065,2015-8-16,0.613368,0.674721,0.611529,0.620167,64263,5478570,12
121066,2015-8-15,0.611454,0.634827,0.605944,0.613236,49051,5453670,12
121067,2015-8-14,0.575992,0.614718,0.555077,0.609906,49540,5130060,12
121068,2015-8-13,0.615626,0.634651,0.564244,0.575855,51260,5474580,12
121069,2015-8-12,0.603783,0.651037,0.602168,0.622923,51925,5361380,12
121070,2015-8-11,0.656747,0.657478,0.599139,0.603582,69221,5823060,12
121071,2015-8-10,0.686737,0.698476,0.656262,0.656576,33307,6080090,12
121072,2015-8-9,0.676069,0.696012,0.633000,0.674739,101826,5976810,12
121073,2015-8-8,0.742898,0.744513,0.675775,0.676046,58680,6557890,12
121074,2015-8-7,0.728998,0.750604,0.679179,0.742292,128615,6425560,12
121075,2015-8-6,0.615411,0.746540,0.615411,0.729102,179684,5416470,12
121076,2015-8-5,0.617450,0.622628,0.597039,0.618616,31532,5426410,12
121077,2015-8-4,0.595026,0.620082,0.585550,0.618406,23130,5221610,12
121078,2015-8-3,0.625880,0.626440,0.594341,0.595818,41078,5484180,12
121079,2015-8-2,0.588595,0.624904,0.571623,0.624904,58236,5149630,12
121080,2015-8-1,0.574428,0.591867,0.560702,0.588741,47982,5018000,12
121081,2015-7-31,0.582950,0.583462,0.564961,0.574956,17852,5084350,12
121082,2015-7-30,0.589920,0.589920,0.571276,0.583228,18356,5137850,12
121083,2015-7-29,0.616130,0.616264,0.585366,0.589967,23624,5357820,12
121084,2015-7-28,0.596008,0.617435,0.588746,0.615015,31583,5175100,12
121085,2015-7-27,0.580721,0.611290,0.576175,0.596050,18318,5034590,12
121086,2015-7-26,0.569399,0.602531,0.555629,0.584723,19209,4928700,12
121087,2015-7-25,0.575943,0.585839,0.562108,0.566003,28011,4977960,12
121088,2015-7-24,0.566469,0.584140,0.560192,0.576016,17108,4888280,12
121089,2015-7-23,0.573298,0.588953,0.558372,0.570335,36815,4939510,12
121090,2015-7-22,0.586897,0.590094,0.554770,0.573420,28612,5048500,12
121091,2015-7-21,0.549014,0.597732,0.546039,0.587578,44363,4715320,12
121092,2015-7-20,0.538906,0.547709,0.529836,0.547709,22420,4621200,12
121093,2015-7-19,0.528092,0.542489,0.516080,0.537989,15024,4521330,12
121094,2015-7-18,0.535249,0.546805,0.516350,0.523595,15685,4575510,12
121095,2015-7-17,0.536343,0.537956,0.507398,0.535182,10526,4577990,12
121096,2015-7-16,0.541435,0.558581,0.514705,0.536325,13229,4613990,12
121097,2015-7-15,0.562987,0.577868,0.540471,0.541855,20021,4789930,12
121098,2015-7-14,0.571649,0.581572,0.550451,0.570033,13521,4819400,12
121099,2015-7-13,0.631493,0.635161,0.545211,0.572132,17500,5323920,12
121100,2015-7-12,0.539135,0.645760,0.539135,0.628094,66012,4545280,12
121101,2015-7-11,0.520567,0.548013,0.517228,0.539175,18728,4388740,12
121102,2015-7-10,0.486300,0.555355,0.484886,0.520876,31812,4099850,12
121103,2015-7-9,0.514289,0.516238,0.482391,0.497226,32530,4333650,12
121104,2015-7-8,0.511410,0.523209,0.501646,0.513990,19413,4302200,12
121105,2015-7-7,0.507229,0.513460,0.494695,0.512376,15739,4260280,12
121106,2015-7-6,0.522178,0.524661,0.497707,0.505507,33776,4378680,12
121107,2015-7-5,0.506999,0.528074,0.499398,0.521969,21263,4244470,12
121108,2015-7-4,0.492272,0.508582,0.487245,0.507361,9823,4114420,12
121109,2015-7-3,0.492674,0.499110,0.483622,0.491196,19161,4111000,12
121110,2015-7-2,0.498977,0.506656,0.473017,0.492605,23017,4156770,12
121111,2015-7-1,0.499344,0.507624,0.485761,0.498848,16986,4152950,12
121112,2015-6-30,0.493517,0.507952,0.482220,0.500266,20586,4097860,12
121113,2015-6-29,0.469706,0.506616,0.454029,0.493447,38116,3893490,12
121114,2015-6-28,0.489918,0.496296,0.446696,0.470636,35450,4054450,12
121115,2015-6-27,0.483322,0.503799,0.475463,0.491951,25068,3992970,12
121116,2015-6-26,0.503591,0.503591,0.477839,0.484247,27929,4153430,12
121117,2015-6-25,0.509393,0.517542,0.497704,0.503678,20286,4194070,12
121118,2015-6-24,0.526948,0.531123,0.502254,0.506506,30722,4331280,12
121119,2015-6-23,0.540583,0.541280,0.518084,0.526921,34151,4436020,12
121120,2015-6-22,0.526186,0.540942,0.519536,0.540599,24145,4310580,12
121121,2015-6-21,0.537554,0.542974,0.520188,0.523274,20026,4396240,12
121122,2015-6-20,0.514188,0.546906,0.503838,0.537980,46906,4197910,12
121123,2015-6-19,0.503972,0.539115,0.495827,0.511796,36206,4107130,12
121124,2015-6-18,0.502986,0.506237,0.488550,0.503880,18521,4092280,12
121125,2015-6-17,0.507717,0.523661,0.493578,0.503340,35110,4123450,12
121126,2015-6-16,0.505134,0.515859,0.489906,0.506086,47599,4095180,12
121127,2015-6-15,0.495178,0.515440,0.493206,0.508224,27100,4007810,12
121128,2015-6-14,0.487891,0.496882,0.474605,0.494970,25286,3941870,12
121129,2015-6-13,0.470766,0.489714,0.459585,0.489472,38193,3796760,12
121130,2015-6-12,0.461866,0.496143,0.456475,0.470966,37697,3718430,12
121131,2015-6-11,0.479596,0.491135,0.458411,0.462852,39601,3851510,12
121132,2015-6-10,0.493943,0.497465,0.473942,0.479738,18563,3962800,12
121133,2015-6-9,0.543491,0.548059,0.452515,0.495991,84617,4352640,12
121134,2015-6-8,0.515774,0.552648,0.504766,0.542956,60437,4123340,12
121135,2015-6-7,0.526472,0.534333,0.495418,0.517933,60901,4201680,12
121136,2015-6-6,0.504834,0.531513,0.494784,0.526428,61552,4021480,12
121137,2015-6-5,0.476499,0.505126,0.469603,0.498892,33178,3788650,12
121138,2015-6-4,0.453636,0.484314,0.451858,0.476494,27086,3600680,12
121139,2015-6-3,0.454506,0.468198,0.452353,0.453476,20468,3600960,12
121140,2015-6-2,0.454769,0.465194,0.443201,0.455539,42022,3596230,12
121141,2015-6-1,0.451224,0.467436,0.446990,0.451619,21924,3561950,12
121142,2015-5-31,0.446073,0.482621,0.442069,0.450889,44096,3514770,12
121143,2015-5-30,0.441193,0.447659,0.429383,0.445107,16705,3469710,12
121144,2015-5-29,0.444393,0.460195,0.439708,0.439872,29580,3488920,12
121145,2015-5-28,0.425935,0.453363,0.421284,0.443637,29630,3337830,12
121146,2015-5-27,0.448145,0.448145,0.415162,0.421971,44220,3505500,12
121147,2015-5-26,0.463670,0.470530,0.434143,0.446883,32411,3619900,12
121148,2015-5-25,0.479449,0.483379,0.461720,0.463606,28042,3736440,12
121149,2015-5-24,0.470752,0.483848,0.467902,0.479603,12799,3661790,12
121150,2015-5-23,0.458930,0.491955,0.458416,0.470987,28017,3563310,12
121151,2015-5-22,0.467157,0.477355,0.421431,0.460764,52852,3620250,12
121152,2015-5-21,0.512711,0.535783,0.440916,0.462956,110387,3965800,12
121153,2015-5-20,0.514940,0.552889,0.492917,0.492917,62290,3975640,12
121154,2015-5-19,0.534982,0.550374,0.495834,0.514660,64157,4122390,12
121155,2015-5-18,0.558933,0.597701,0.517159,0.535773,66440,4298940,12
121156,2015-5-17,0.597889,0.624824,0.546362,0.557216,38552,4589620,12
121157,2015-5-16,0.546561,0.623946,0.534678,0.595673,48492,4187560,12
121158,2015-5-15,0.495878,0.569368,0.495756,0.544965,36937,3791680,12
121159,2015-5-14,0.482900,0.511704,0.475443,0.495548,24386,3685290,12
121160,2015-5-13,0.476743,0.523206,0.475371,0.483207,22340,3631200,12
121161,2015-5-12,0.513022,0.515426,0.477435,0.477612,27612,3900190,12
121162,2015-5-11,0.561128,0.567210,0.495461,0.511342,40270,4257390,12
121163,2015-5-10,0.515070,0.574016,0.498172,0.565103,25842,3900430,12
121164,2015-5-9,0.491100,0.537699,0.479652,0.513693,33579,3711700,12
121165,2015-5-8,0.474257,0.499916,0.471741,0.490568,13967,3521290,12
121166,2015-5-7,0.458921,0.486493,0.455222,0.473934,29403,3407420,12
121167,2015-5-6,0.471263,0.480915,0.445022,0.458257,29928,3499060,12
121168,2015-5-5,0.468268,0.482659,0.447593,0.471166,22379,3476820,12
121169,2015-5-4,0.498803,0.503922,0.467321,0.467889,19414,3703540,12
121170,2015-5-3,0.495055,0.513322,0.491903,0.499079,13646,3675710,12
121171,2015-5-2,0.500167,0.509485,0.484577,0.497577,12363,3713670,12
121172,2015-5-1,0.502925,0.527520,0.492795,0.499998,13570,3734140,12
121173,2015-4-30,0.492440,0.526620,0.462531,0.501179,29589,3655310,12
121174,2015-4-29,0.484513,0.502058,0.447521,0.491526,29029,3589430,12
121175,2015-4-28,0.566098,0.572987,0.445988,0.479310,97890,4185340,12
121176,2015-4-27,0.556476,0.573146,0.529841,0.566088,26268,4105850,12
121177,2015-4-26,0.563681,0.567488,0.531613,0.556385,19954,4150550,12
121178,2015-4-25,0.572382,0.585438,0.514305,0.564740,77248,4205970,12
121179,2015-4-24,0.596757,0.605090,0.568030,0.569937,18883,4375970,12
121180,2015-4-23,0.576870,0.614022,0.556235,0.603233,45474,4221300,12
121181,2015-4-22,0.631823,0.633604,0.575792,0.576331,29956,4614040,12
121182,2015-4-21,0.681760,0.681760,0.583367,0.632725,101360,4968090,12
121183,2015-4-20,0.662429,0.684350,0.649855,0.678942,28005,4816330,12
121184,2015-4-19,0.692310,0.696105,0.662209,0.662209,15323,5023780,12
121185,2015-4-18,0.658119,0.720373,0.654586,0.694249,39375,4765990,12
121186,2015-4-17,0.678462,0.684367,0.631058,0.658304,27205,4903060,12
121187,2015-4-16,0.673035,0.687646,0.652904,0.678599,42962,4853110,12
121188,2015-4-15,0.656590,0.690585,0.651108,0.673307,21974,4724530,12
121189,2015-4-14,0.697815,0.700495,0.643041,0.656934,37452,5010540,12
121190,2015-4-13,0.800405,0.801073,0.675923,0.691741,66159,5735080,12
121191,2015-4-12,0.826843,0.831293,0.795958,0.800135,22665,5911570,12
121192,2015-4-11,0.804529,0.855407,0.785581,0.827207,45289,5739570,12
121193,2015-4-10,0.759481,0.864140,0.724072,0.800381,67091,5406330,12
121194,2015-4-9,0.755325,0.762909,0.699283,0.758207,24374,5365370,12
121195,2015-4-8,0.818747,0.843535,0.724638,0.755192,33421,5803160,12
121196,2015-4-7,0.788578,0.833302,0.715785,0.833302,95347,5576860,12
121197,2015-4-6,0.877685,0.914227,0.762972,0.789463,38051,6193760,12
121198,2015-4-5,0.857369,0.919018,0.727060,0.883731,143439,6037240,12
121199,2015-4-4,0.940243,0.991304,0.714985,0.859290,128977,6606150,12
121200,2015-4-3,0.977708,1.02,0.878714,0.952245,139293,6853850,12
121201,2015-4-2,1.01,1.03,0.918268,0.969260,88831,7040630,12
121202,2015-4-1,0.907474,1.05,0.907474,1.01,119203,6333310,12
121203,2015-3-31,0.870559,1.02,0.848876,0.907059,216122,6061480,12
121204,2015-3-30,0.718821,0.890235,0.714820,0.853188,108069,4993790,12
121205,2015-3-29,0.806605,0.817701,0.701294,0.712153,58609,5590830,12
121206,2015-3-28,0.779336,0.852626,0.765332,0.795417,74210,5389510,12
121207,2015-3-27,0.744401,0.799100,0.733024,0.777714,42036,5136280,12
121208,2015-3-26,0.767811,0.778786,0.737119,0.746328,44427,5285540,12
121209,2015-3-25,0.706427,0.777912,0.665812,0.767497,98536,4851810,12
121210,2015-3-24,0.766937,0.777265,0.677083,0.711852,52144,5255200,12
121211,2015-3-23,0.775314,0.785542,0.739098,0.766353,45634,5300020,12
121212,2015-3-22,0.743241,0.806098,0.730675,0.777347,108985,5069650,12
121213,2015-3-21,0.642876,0.746377,0.628618,0.743222,61605,4374530,12
121214,2015-3-20,0.667179,0.681503,0.615417,0.633158,28023,4529630,12
121215,2015-3-19,0.646906,0.686367,0.613131,0.677382,52047,4381670,12
121216,2015-3-18,0.752673,0.752673,0.616340,0.638029,51858,5086120,12
121217,2015-3-17,0.806746,0.820730,0.740693,0.752221,61111,5438720,12
121218,2015-3-16,0.695199,0.850915,0.687812,0.805943,110309,4675430,12
121219,2015-3-15,0.674561,0.792409,0.668614,0.694250,70322,4525900,12
121220,2015-3-14,0.633491,0.724987,0.588473,0.676167,83441,4240350,12
121221,2015-3-13,0.678898,0.687685,0.632975,0.644822,56953,4533130,12
121222,2015-3-12,0.715490,0.715490,0.649881,0.684608,62621,4766020,12
121223,2015-3-11,0.792159,0.804778,0.656610,0.715782,95830,5263560,12
121224,2015-3-10,0.648228,0.829071,0.583301,0.791843,182299,4296870,12
121225,2015-3-9,0.489531,0.677262,0.464207,0.634890,110877,3236970,12
121226,2015-3-8,0.465570,0.503778,0.452096,0.484062,39107,3071180,12
121227,2015-3-7,0.486154,0.498645,0.454861,0.457321,25259,3198930,12
121228,2015-3-6,0.472445,0.519687,0.452861,0.486039,77668,3100550,12
121229,2015-3-5,0.413275,0.479477,0.408101,0.469626,45238,2705880,12
121230,2015-3-4,0.415367,0.423196,0.390815,0.413151,21345,2713080,12
121231,2015-3-3,0.428695,0.428695,0.389474,0.415078,23029,2792970,12
121232,2015-3-2,0.425727,0.431746,0.384157,0.428434,67915,2766530,12
121233,2015-3-1,0.427313,0.428362,0.397172,0.426028,23255,2769930,12
121234,2015-2-28,0.385549,0.437406,0.379742,0.427227,68062,2492860,12
121235,2015-2-27,0.357521,0.398922,0.354788,0.381008,36994,2305920,12
121236,2015-2-26,0.365299,0.371073,0.340683,0.357721,31163,2350210,12
121237,2015-2-25,0.335048,0.371745,0.321195,0.365243,33340,2150140,12
121238,2015-2-24,0.384864,0.394168,0.337610,0.340267,77991,2463620,12
121239,2015-2-23,0.314207,0.355874,0.301992,0.337887,82507,2005950,12
121240,2015-2-22,0.302750,0.313139,0.262125,0.313139,28371,1927720,12
121241,2015-2-21,0.305391,0.317549,0.294589,0.302557,14275,1939520,12
121242,2015-2-20,0.284644,0.307340,0.276358,0.305673,23536,1803180,12
121243,2015-2-19,0.249056,0.302804,0.245411,0.282791,35329,1573510,12
121244,2015-2-18,0.253632,0.255740,0.232431,0.248507,33558,1598190,12
121245,2015-2-17,0.251008,0.259335,0.245205,0.253231,16775,1577450,12
121246,2015-2-16,0.252583,0.256815,0.241612,0.251039,8801,1583380,12
121247,2015-2-15,0.279862,0.280850,0.242444,0.251380,13141,1749650,12
121248,2015-2-14,0.255242,0.282160,0.252122,0.280322,19546,1591440,12
121249,2015-2-13,0.250009,0.264404,0.237559,0.255641,12966,1554650,12
121250,2015-2-12,0.234869,0.255847,0.224266,0.246741,25486,1456630,12
121251,2015-2-11,0.244507,0.251757,0.228287,0.231497,23085,1512250,12
121252,2015-2-10,0.252897,0.254932,0.237397,0.244719,14973,1559910,12
121253,2015-2-9,0.258768,0.265256,0.247360,0.251738,12603,1591870,12
121254,2015-2-8,0.275459,0.279798,0.255687,0.265034,11615,1689980,12
121255,2015-2-7,0.270831,0.284338,0.264148,0.275702,12075,1656860,12
121256,2015-2-6,0.272327,0.281941,0.262469,0.270772,14473,1661450,12
121257,2015-2-5,0.289486,0.298088,0.266988,0.272273,13746,1761170,12
121258,2015-2-4,0.289054,0.296241,0.265131,0.289486,19736,1753690,12
121259,2015-2-3,0.300962,0.307398,0.275777,0.288734,11397,1820860,12
121260,2015-2-2,0.300810,0.305869,0.283944,0.301242,16725,1814850,12
121261,2015-2-1,0.283610,0.311151,0.272703,0.299954,17051,1706270,12
121262,2015-1-31,0.294042,0.302376,0.279501,0.284363,10211,1764140,12
121263,2015-1-30,0.306139,0.321144,0.286755,0.294018,21911,1831440,12
121264,2015-1-29,0.290276,0.318331,0.280945,0.309911,27625,1731140,12
121265,2015-1-28,0.319018,0.330095,0.276252,0.290979,16093,1897440,12
121266,2015-1-27,0.316540,0.330593,0.288746,0.320371,17844,1877370,12
121267,2015-1-26,0.315818,0.362985,0.299823,0.317078,29144,1867840,12
121268,2015-1-25,0.297115,0.332840,0.295258,0.310227,24533,1752130,12
121269,2015-1-24,0.279997,0.306491,0.266452,0.298369,16130,1646270,12
121270,2015-1-23,0.273993,0.289574,0.255464,0.283141,12269,1606240,12
121271,2015-1-22,0.261508,0.287439,0.257221,0.273442,15643,1528690,12
121272,2015-1-21,0.240656,0.262472,0.232988,0.261268,10021,1402630,12
121273,2015-1-20,0.253765,0.254656,0.230319,0.236223,8074,1474700,12
121274,2015-1-19,0.255703,0.264840,0.237711,0.254181,17060,1481490,12
121275,2015-1-18,0.248730,0.269781,0.232751,0.258656,11861,1436750,12
121276,2015-1-17,0.282024,0.284548,0.236521,0.248057,12834,1624370,12
121277,2015-1-16,0.260538,0.282141,0.247618,0.278449,14483,1496130,12
121278,2015-1-15,0.220121,0.273713,0.220121,0.261714,14019,1260140,12
121279,2015-1-14,0.300409,0.304722,0.212967,0.223522,20845,1714500,12
121280,2015-1-13,0.363763,0.365199,0.297354,0.309479,15632,2069830,12
121281,2015-1-12,0.378873,0.385037,0.360253,0.364316,12038,2149210,12
121282,2015-1-11,0.418943,0.419528,0.372444,0.378748,12932,2369310,12
121283,2015-1-10,0.425966,0.430232,0.370869,0.419216,23213,2400600,12
121284,2015-1-9,0.428426,0.441486,0.413262,0.431801,15357,2407840,12
121285,2015-1-8,0.472087,0.472087,0.429126,0.429175,18235,2645040,12
121286,2015-1-7,0.461614,0.477443,0.446402,0.463607,21150,2578210,12
121287,2015-1-6,0.421620,0.477287,0.409644,0.461609,34747,2348070,12
121288,2015-1-5,0.411376,0.447289,0.393024,0.421412,35008,2283900,12
121289,2015-1-4,0.466618,0.467790,0.398095,0.417234,29438,2582190,12
121290,2015-1-3,0.459173,0.490255,0.451601,0.461172,42366,2525370,12
121291,2015-1-2,0.473272,0.488038,0.434144,0.459137,34884,2602560,12
121292,2015-1-1,0.436241,0.467300,0.419361,0.465760,25000,2391490,12
121293,2014-12-31,0.486608,0.488417,0.424435,0.434660,37598,2659040,12
121294,2014-12-30,0.490338,0.530357,0.456339,0.489046,57426,2670650,12
121295,2014-12-29,0.564681,0.572393,0.487799,0.487799,72362,3065720,12
121296,2014-12-28,0.509646,0.611029,0.482193,0.563872,117333,2757730,12
121297,2014-12-27,0.432913,0.537681,0.409900,0.510573,98086,2330360,12
121298,2014-12-26,0.456171,0.458636,0.428161,0.433700,35090,2451960,12
121299,2014-12-25,0.422909,0.455604,0.399465,0.452427,53937,2265570,12
121300,2014-12-24,0.383242,0.458137,0.378322,0.425367,64963,2046480,12
121301,2014-12-23,0.345175,0.381363,0.334889,0.381093,25039,1836840,12
121302,2014-12-22,0.343896,0.361704,0.330488,0.344799,19493,1823950,12
121303,2014-12-21,0.338958,0.356308,0.320784,0.343806,24432,1791620,12
121304,2014-12-20,0.319682,0.341609,0.312549,0.339099,12708,1684180,12
121305,2014-12-19,0.316167,0.344685,0.304235,0.319859,16495,1599440,12
121306,2014-12-18,0.338177,0.352620,0.304904,0.316383,17760,1710790,12
121307,2014-12-17,0.347026,0.349178,0.299859,0.338319,33392,1755550,12
121308,2014-12-16,0.383263,0.391983,0.334445,0.337857,41022,1938870,12
121309,2014-12-15,0.386838,0.406343,0.377044,0.382897,23998,1956960,12
121310,2014-12-14,0.375254,0.411324,0.370846,0.383506,13827,1898350,12
121311,2014-12-13,0.375526,0.384706,0.368599,0.375961,17428,1899730,12
121312,2014-12-12,0.393799,0.397863,0.372755,0.375733,16404,1992170,12
121313,2014-12-11,0.387380,0.407224,0.376755,0.398488,22967,1959700,12
121314,2014-12-10,0.391179,0.419919,0.368985,0.389659,18125,1978920,12
121315,2014-12-9,0.448309,0.449525,0.380460,0.389608,28887,2267930,12
121316,2014-12-8,0.470613,0.497378,0.443479,0.448344,36453,2377730,12
121317,2014-12-7,0.443451,0.480663,0.443451,0.470556,21888,2232200,12
121318,2014-12-6,0.427467,0.448940,0.422849,0.443703,18704,2143880,12
121319,2014-12-5,0.455063,0.480443,0.407362,0.428893,45855,2273710,12
121320,2014-12-4,0.508874,0.517186,0.453813,0.456468,18052,2533220,12
121321,2014-12-3,0.528122,0.528122,0.484670,0.507566,26153,2619290,12
121322,2014-12-2,0.473696,0.552778,0.469477,0.527409,21322,2340440,12
121323,2014-12-1,0.567864,0.577934,0.470041,0.474500,78718,2778070,12
121324,2014-11-30,0.571386,0.580775,0.562884,0.567552,14933,2795300,12
121325,2014-11-29,0.564320,0.586719,0.559993,0.565711,17081,2757520,12
121326,2014-11-28,0.557097,0.575006,0.534664,0.564761,17670,2711830,12
121327,2014-11-27,0.560613,0.569668,0.553501,0.557540,10861,2718540,12
121328,2014-11-26,0.582570,0.624192,0.551515,0.562741,29237,2814430,12
121329,2014-11-25,0.531602,0.640426,0.530890,0.595471,84303,2558050,12
121330,2014-11-24,0.526050,0.553483,0.525883,0.531740,29694,2521740,12
121331,2014-11-23,0.535661,0.542355,0.515386,0.526897,31247,2557650,12
121332,2014-11-22,0.533662,0.557867,0.525431,0.534829,26877,2538420,12
121333,2014-11-21,0.516995,0.563250,0.500091,0.532490,34458,2449300,12
121334,2014-11-20,0.558639,0.569225,0.514469,0.525171,23232,2636230,12
121335,2014-11-19,0.596995,0.602582,0.554352,0.559003,25761,2806170,12
121336,2014-11-18,0.586133,0.603339,0.526158,0.599073,49912,2744180,12
121337,2014-11-17,0.651929,0.676593,0.556251,0.584780,152764,3039770,12
121338,2014-11-16,0.638882,0.657677,0.626272,0.654531,27107,2967190,12
121339,2014-11-15,0.692307,0.705406,0.625895,0.641145,31336,3202520,12
121340,2014-11-14,0.700665,0.701875,0.643252,0.689225,65338,3227210,12
121341,2014-11-13,0.735674,0.773504,0.665388,0.704530,41143,3374860,12
121342,2014-11-12,0.718542,0.763825,0.695158,0.732320,75047,3282510,12
121343,2014-11-11,0.734491,0.746636,0.691961,0.717955,30147,3341990,12
121344,2014-11-10,0.716670,0.762476,0.692920,0.735697,67836,3246790,12
121345,2014-11-9,0.643598,0.721369,0.634068,0.721369,44247,2903700,12
121346,2014-11-8,0.619835,0.658196,0.593668,0.643877,40713,2785880,12
121347,2014-11-7,0.590278,0.619485,0.578323,0.616295,29987,2626730,12
121348,2014-11-6,0.570834,0.597075,0.556807,0.595903,28528,2540200,12
121349,2014-11-5,0.547942,0.584644,0.547942,0.571982,25458,2430850,12
121350,2014-11-4,0.575828,0.582737,0.545748,0.547635,42253,2543340,12
121351,2014-11-3,0.577925,0.599260,0.551178,0.576323,40900,2541950,12
121352,2014-11-2,0.586417,0.586417,0.561821,0.579494,26877,2568260,12
121353,2014-11-1,0.607123,0.638227,0.571454,0.585832,33872,2647220,12
121354,2014-10-31,0.613690,0.640114,0.598314,0.607218,37303,2663690,12
121355,2014-10-30,0.632047,0.664415,0.590307,0.614064,48427,2731100,12
121356,2014-10-29,0.687775,0.699246,0.621768,0.633060,23967,2958330,12
121357,2014-10-28,0.704975,0.729839,0.604616,0.689257,82389,3016260,12
121358,2014-10-27,0.697623,0.774522,0.603494,0.722831,141319,2974520,12
121359,2014-10-26,0.740260,0.753170,0.685867,0.694402,37577,3142310,12
121360,2014-10-25,0.763826,0.771308,0.671765,0.739802,54596,3227940,12
121361,2014-10-24,0.842075,0.859968,0.744815,0.762157,52867,3541880,12
121362,2014-10-23,0.942326,0.946193,0.725042,0.865496,97124,3944870,12
121363,2014-10-22,0.956909,0.992102,0.942747,0.946716,63727,3987300,12
121364,2014-10-21,0.952061,0.979182,0.932976,0.957783,50963,3949060,12
121365,2014-10-20,0.995676,1.01,0.916824,0.950394,86281,4110980,12
121366,2014-10-19,0.965568,1.01,0.958882,0.994436,47858,3968000,12
121367,2014-10-18,0.973584,1.00,0.948108,0.965830,60842,3981500,12
121368,2014-10-17,0.998718,0.998718,0.918857,0.973198,63034,4064590,12
121369,2014-10-16,0.986954,1.03,0.918340,0.999458,59154,3997770,12
121370,2014-10-15,1.08,1.08,0.911003,0.990811,104550,4365480,12
121371,2014-10-14,1.10,1.16,1.07,1.07,63787,4406300,12
121372,2014-10-13,1.08,1.13,1.02,1.10,92059,4324230,12
121373,2014-10-12,1.08,1.10,1.04,1.09,58972,4280260,12
121374,2014-10-11,1.14,1.15,1.06,1.08,81876,4499020,12
121375,2014-10-10,1.10,1.15,1.04,1.14,121420,4343870,12
121376,2014-10-9,1.09,1.16,1.05,1.11,66785,4255220,12
121377,2014-10-8,1.00,1.11,0.949084,1.09,116352,3906930,12
121378,2014-10-7,0.980493,1.01,0.900690,1.00,68252,3797610,12
121379,2014-10-6,0.878679,0.996530,0.805445,0.979703,65377,3385660,12
121380,2014-10-5,0.977117,1.01,0.786768,0.879503,86073,3745430,12
121381,2014-10-4,1.09,1.13,0.966409,0.977628,65894,4166030,12
121382,2014-10-3,1.18,1.18,1.07,1.10,113844,4493740,12
121383,2014-10-2,1.22,1.22,1.18,1.19,61824,4588330,12
121384,2014-10-1,1.21,1.22,1.17,1.20,65140,4536570,12
121385,2014-9-30,1.16,1.25,1.14,1.22,82094,4344950,12
121386,2014-9-29,1.22,1.23,1.14,1.15,83902,4533030,12
121387,2014-9-28,1.31,1.37,1.21,1.22,84413,4821140,12
121388,2014-9-27,1.38,1.39,1.28,1.31,95657,5082540,12
121389,2014-9-26,1.40,1.46,1.32,1.39,81632,5104450,12
121390,2014-9-25,1.50,1.51,1.39,1.40,126179,5441180,12
121391,2014-9-24,1.46,1.56,1.45,1.51,122748,5285770,12
121392,2014-9-23,1.26,1.50,1.23,1.47,205229,4526380,12
121393,2014-9-22,1.27,1.34,1.21,1.26,137822,4552650,12
121394,2014-9-21,1.27,1.41,1.17,1.27,239591,4502750,12
121395,2014-9-20,1.44,1.57,1.17,1.27,362626,5094260,12
121396,2014-9-19,1.57,1.59,1.38,1.45,171739,5503840,12
121397,2014-9-18,1.74,1.74,1.50,1.57,253082,6076160,12
121398,2014-9-17,1.84,1.90,1.65,1.77,291633,6389740,12
121399,2014-9-16,1.90,1.91,1.83,1.84,149855,6557510,12
121400,2014-9-15,1.82,1.91,1.81,1.90,132403,6241990,12
121401,2014-9-14,1.85,1.89,1.79,1.82,123269,6308010,12
121402,2014-9-13,1.88,1.89,1.79,1.85,156820,6365210,12
121403,2014-9-12,1.94,2.00,1.82,1.88,166282,6544780,12
121404,2014-9-11,1.97,2.07,1.92,1.94,173065,6583810,12
121405,2014-9-10,1.77,2.08,1.76,1.97,280005,5876080,12
121406,2014-9-9,1.88,1.89,1.75,1.77,129058,6200410,12
121407,2014-9-8,1.88,1.92,1.79,1.87,158829,6166130,12
121408,2014-9-7,1.94,1.97,1.84,1.88,151671,6324720,12
121409,2014-9-6,1.98,2.00,1.90,1.95,120274,6411200,12
121410,2014-9-5,2.05,2.11,1.86,1.98,168193,6595670,12
121411,2014-9-4,2.03,2.16,1.88,2.05,186620,6507160,12
121412,2014-9-3,1.95,2.09,1.90,2.03,153437,6205680,12
121413,2014-9-2,2.05,2.07,1.89,1.96,218797,6464120,12
121414,2014-9-1,2.17,2.28,1.97,2.04,268279,6827450,12
121415,2014-8-31,2.43,2.56,2.10,2.17,308396,7577360,12
121416,2014-8-30,2.21,2.49,2.19,2.44,270668,6832530,12
121417,2014-8-29,2.18,2.28,2.14,2.21,219724,6708610,12
121418,2014-8-28,2.00,2.24,2.00,2.21,246829,6110120,12
121419,2014-8-27,2.01,2.04,1.94,2.01,125364,6098760,12
121420,2014-8-26,2.09,2.10,1.90,2.01,191411,6291750,12
121421,2014-8-25,1.95,2.08,1.89,2.05,179315,5843100,12
121422,2014-8-24,1.81,1.97,1.81,1.95,113086,5377400,12
121423,2014-8-23,1.78,1.86,1.73,1.81,81316,5236920,12
121424,2014-8-22,1.82,1.90,1.75,1.78,118268,5331550,12
121425,2014-8-21,1.84,1.90,1.78,1.82,141302,5337170,12
121426,2014-8-20,1.66,1.96,1.61,1.83,286655,4795780,12
121427,2014-8-19,1.45,1.65,1.39,1.65,98273,4013520,12
121428,2014-8-18,1.47,1.65,1.34,1.45,108222,4074930,12
121429,2014-8-17,1.60,1.65,1.42,1.46,72244,4447240,12
121430,2014-8-16,1.59,1.61,1.49,1.60,82703,4413540,12
121431,2014-8-15,1.78,1.80,1.52,1.59,182760,4932750,12
121432,2014-8-14,1.91,1.92,1.69,1.76,99815,5280750,12
121433,2014-8-13,2.00,2.04,1.83,1.90,89506,5465790,12
121434,2014-8-12,2.08,2.10,1.97,2.00,114580,5649600,12
121435,2014-8-11,2.04,2.17,1.93,2.08,132234,5505760,12
121436,2014-8-10,2.05,2.12,1.99,2.06,80847,5482750,12
121437,2014-8-9,2.17,2.18,2.08,2.10,72351,5760020,12
121438,2014-8-8,2.14,2.21,2.11,2.18,87502,5636120,12
121439,2014-8-7,2.19,2.24,2.10,2.14,88304,5713790,12
121440,2014-8-6,2.20,2.28,2.13,2.19,76411,5698660,12
121441,2014-8-5,2.01,2.20,1.98,2.15,94391,5154370,12
121442,2014-8-4,2.36,37.78,1.99,2.01,234647,5992660,12
121443,2014-8-3,2.50,2.50,2.25,2.36,144327,6295750,12
121444,2014-8-2,2.67,2.73,2.50,2.50,101031,6665580,12
121445,2014-8-1,2.57,2.67,2.49,2.67,145177,6361190,12
121446,2014-7-31,2.52,2.64,2.49,2.55,111065,6187770,12
121447,2014-7-30,2.62,2.63,2.50,2.54,79830,6374650,12
121448,2014-7-29,2.70,2.80,2.56,2.62,272756,6507970,12
121449,2014-7-28,2.55,2.70,2.42,2.70,141903,6102470,12
121450,2014-7-27,2.62,2.65,2.45,2.55,111827,6211480,12
121451,2014-7-26,2.70,2.77,2.51,2.62,125320,6327920,12
121452,2014-7-25,2.37,2.71,2.31,2.71,182887,5500730,12
121453,2014-7-24,2.92,2.97,2.28,2.36,292547,6717400,12
121454,2014-7-23,3.20,3.24,2.84,2.91,274946,7296220,12
121455,2014-7-22,3.09,3.32,3.01,3.20,262049,6966760,12
121456,2014-7-21,2.67,3.14,2.65,3.09,243140,5978470,12
121457,2014-7-20,2.88,2.93,2.58,2.63,116853,6372740,12
121458,2014-7-19,2.59,3.07,2.54,2.88,169471,5680000,12
121459,2014-7-18,3.03,3.29,2.46,2.62,348336,6577180,12
121460,2014-7-17,2.71,3.58,2.64,2.98,503684,5804450,12
121461,2014-7-16,2.16,2.93,2.05,2.71,353430,4585570,12
121462,2014-7-15,1.95,2.20,1.79,2.11,136205,4096760,12
121463,2014-7-14,1.79,1.99,1.62,1.97,100284,3716450,12
121464,2014-7-13,1.73,1.97,1.46,1.79,122049,3562450,12
121465,2014-7-12,1.79,1.94,1.72,1.73,65375,3648870,12
121466,2014-7-11,1.86,1.92,1.72,1.79,116666,3746700,12
121467,2014-7-10,2.03,2.09,1.86,1.89,89099,4033590,12
121468,2014-7-9,2.30,2.31,1.99,2.01,69554,4518280,12
121469,2014-7-8,1.98,2.36,1.97,2.35,94993,3851290,12
121470,2014-7-7,2.40,2.40,1.95,1.99,111370,4609840,12
121471,2014-7-6,2.47,2.48,2.29,2.40,77663,4690900,12
121472,2014-7-5,2.64,2.64,2.44,2.47,68525,4956910,12
121473,2014-7-4,2.64,3.00,2.54,2.64,148555,4899760,12
121474,2014-7-3,2.31,2.82,2.23,2.64,168532,4217730,12
121475,2014-7-2,2.34,2.54,2.26,2.31,101095,4225600,12
121476,2014-7-1,2.51,2.65,2.34,2.35,98540,4470350,12
121477,2014-6-30,2.55,2.70,2.44,2.50,124575,4484350,12
121478,2014-6-29,2.55,2.76,2.26,2.54,138511,4434960,12
121479,2014-6-28,2.32,2.90,2.25,2.55,184970,3997740,12
121480,2014-6-27,2.98,3.00,2.07,2.20,250643,5044180,12
121481,2014-6-26,3.28,3.38,2.80,2.89,117740,5471230,12
121482,2014-6-25,3.23,3.39,2.63,3.39,217183,5313820,12
121483,2014-6-24,3.93,4.07,2.96,3.28,150995,6374590,12
121484,2014-6-23,4.28,4.82,3.77,3.98,433301,6851250,12
121485,2014-6-22,4.98,5.21,4.02,4.35,491984,7853920,12
121486,2014-6-21,4.33,5.85,4.14,5.01,723077,6730580,12
121487,2014-6-20,3.17,4.59,3.12,4.56,543764,4844000,12
121488,2014-6-19,2.78,3.52,2.68,3.13,283962,4188790,12
121489,2014-6-18,2.90,2.98,2.46,2.79,183102,4304890,12
121490,2014-6-17,3.15,3.31,2.72,2.82,228445,4601540,12
121491,2014-6-16,2.72,3.55,2.62,3.18,438776,3905660,12
121492,2014-6-15,2.32,2.75,2.25,2.69,150652,3288170,12
121493,2014-6-14,1.93,2.82,1.88,2.34,276919,2677530,12
121494,2014-6-13,1.65,1.96,1.62,1.92,84237,2257650,12
121495,2014-6-12,1.62,2.17,1.53,1.74,108619,2174900,12
121496,2014-6-11,1.72,2.17,1.53,1.62,85735,2279840,12
121497,2014-6-10,1.48,2.39,1.31,1.73,182599,1917820,12
121498,2014-6-9,1.33,1.64,1.27,1.52,56500,1697580,12
121499,2014-6-8,1.36,1.44,1.24,1.34,40634,1702900,12
121500,2014-6-7,1.24,1.69,1.21,1.36,44187,1523430,12
121501,2014-6-6,1.46,1.51,1.17,1.24,100635,1781530,12
121502,2014-6-4,1.93,1.99,1.71,1.81,51886,2238440,12
121503,2014-6-3,1.73,2.10,1.65,1.93,91332,1966370,12
121504,2014-6-2,1.76,1.94,1.60,1.73,47672,1964820,12
121505,2014-6-1,1.94,2.57,1.54,1.74,130602,2111850,12
121506,2014-5-31,1.58,2.28,1.41,1.94,117399,1675440,12
121507,2014-5-30,1.68,1.87,1.08,1.57,119296,1742630,12
121508,2014-5-29,2.21,2.49,1.68,1.68,109157,2251030,12
121509,2014-5-28,2.24,2.85,1.91,2.27,177716,2231880,12
121510,2014-5-27,3.03,3.03,2.07,2.21,97603,2958060,12
121511,2014-5-26,3.22,3.76,2.31,3.02,220148,3070190,12
121512,2014-5-25,4.04,4.04,2.80,3.14,283545,3774890,12
121513,2014-5-24,2.92,4.01,2.62,3.70,248028,2653720,12
121514,2014-5-23,2.05,3.43,2.05,2.96,266852,1816200,12
121515,2014-5-22,1.59,2.19,1.36,2.10,132918,1371470,12
121516,2014-5-21,2.47,2.65,1.23,1.60,246540,2079640,12
