110001,2018-7-15,32.48,33.96,32.20,33.41,86309500,2111260000,11
110002,2018-7-14,33.16,33.55,31.68,32.62,74716700,2155410000,11
110003,2018-7-13,31.96,33.91,31.96,33.23,127253000,2077720000,11
110004,2018-7-12,33.88,33.88,30.79,31.77,111093000,2202000000,11
110005,2018-7-11,33.46,34.56,32.23,33.91,98957500,2174960000,11
110006,2018-7-10,36.57,36.85,33.32,33.39,193408000,2377340000,11
110007,2018-7-9,39.10,39.30,36.71,36.78,164582000,2541680000,11
110008,2018-7-8,39.27,41.73,38.88,39.13,150560000,2552800000,11
110009,2018-7-7,37.74,39.34,36.45,39.34,88447500,2453150000,11
110010,2018-7-6,40.59,40.71,36.98,37.65,136135000,2638150000,11
110011,2018-7-5,40.49,42.84,39.47,40.74,190606000,2631650000,11
110012,2018-7-4,36.12,42.11,35.38,40.29,216351000,2348010000,11
110013,2018-7-3,36.02,38.24,35.58,36.10,150783000,2341420000,11
110014,2018-7-2,31.35,36.81,31.04,35.98,142578000,2037540000,11
110015,2018-7-1,30.81,31.61,29.76,31.33,72319000,2002450000,11
110016,2018-6-30,29.70,31.85,29.70,30.64,73997700,1930510000,11
110017,2018-6-29,28.36,30.11,27.26,29.64,64412600,1843710000,11
110018,2018-6-28,30.31,30.53,28.23,28.36,52412700,1970190000,11
110019,2018-6-27,30.45,30.58,29.61,30.32,53013200,1979390000,11
110020,2018-6-26,31.63,31.83,30.13,30.31,52380500,2056180000,11
110021,2018-6-25,31.17,32.58,30.75,31.71,58836700,2025800000,11
110022,2018-6-24,34.24,34.31,29.32,31.27,90829600,2225810000,11
110023,2018-6-23,33.09,34.78,33.06,34.27,53422000,2150570000,11
110024,2018-6-22,37.82,37.85,32.41,33.26,84102500,2458160000,11
110025,2018-6-21,38.98,39.69,37.45,37.84,70598700,2533980000,11
110026,2018-6-20,39.93,40.00,37.95,38.93,71498700,2595280000,11
110027,2018-6-19,39.63,41.01,39.18,39.94,75684100,2576100000,11
110028,2018-6-18,38.74,40.40,37.43,39.70,88125500,2517800000,11
110029,2018-6-17,38.57,39.57,38.00,38.76,64709800,2506900000,11
110030,2018-6-16,38.24,39.00,36.99,38.20,67913800,2485790000,11
110031,2018-6-15,40.85,40.94,38.20,38.26,68554500,2655200000,11
110032,2018-6-14,38.31,41.61,38.06,40.85,105352000,2489920000,11
110033,2018-6-13,41.50,41.81,37.25,38.15,98023200,2697690000,11
110034,2018-6-12,45.49,46.44,41.11,41.49,83302000,2956610000,11
110035,2018-6-11,45.56,45.92,43.27,45.60,85727200,2961510000,11
110036,2018-6-10,51.13,51.13,44.60,45.71,99954100,3323720000,11
110037,2018-6-9,52.56,53.45,51.09,51.09,72333200,3416090000,11
110038,2018-6-8,53.55,53.92,51.99,52.59,77989800,3480610000,11
110039,2018-6-7,54.01,54.99,53.18,53.82,78293600,3510460000,11
110040,2018-6-6,54.51,54.61,52.75,53.92,81572600,3543110000,11
110041,2018-6-5,53.50,54.95,52.09,54.45,92081000,3477660000,11
110042,2018-6-4,56.31,57.10,52.61,53.44,91888400,3660100000,11
110043,2018-6-3,56.65,57.80,55.85,56.42,90826100,3682140000,11
110044,2018-6-2,55.63,57.19,54.98,56.76,97926200,3615890000,11
110045,2018-6-1,53.20,56.09,52.95,55.45,102577000,3457790000,11
110046,2018-5-31,51.44,54.08,50.92,52.93,85826000,3343510000,11
110047,2018-5-30,52.36,53.31,50.53,51.54,82723100,3403160000,11
110048,2018-5-29,48.12,53.43,47.96,52.11,106526000,3127560000,11
110049,2018-5-28,52.86,53.06,47.96,48.26,92695200,3436200000,11
110050,2018-5-27,52.32,53.03,51.20,52.93,76785500,3400820000,11
110051,2018-5-26,52.74,54.32,51.55,52.26,84223300,3428000000,11
110052,2018-5-25,55.10,56.26,52.01,53.03,93827500,3581540000,11
110053,2018-5-24,52.36,55.12,50.68,54.76,107696000,3403300000,11
110054,2018-5-23,57.45,57.80,51.81,52.47,109642000,3734310000,11
110055,2018-5-22,62.41,62.50,57.10,57.38,95219600,4056540000,11
110056,2018-5-21,63.59,65.85,60.95,62.46,121919000,4133600000,11
110057,2018-5-20,59.23,63.77,58.75,63.51,89350200,3850000000,11
110058,2018-5-19,59.66,60.64,58.15,59.17,79662300,3877990000,11
110059,2018-5-18,57.72,60.28,56.99,59.68,94202000,3751860000,11
110060,2018-5-17,61.94,63.22,57.18,57.82,96606600,4025910000,11
110061,2018-5-16,63.06,63.37,59.88,61.85,99496200,4098810000,11
110062,2018-5-15,66.38,69.34,62.54,63.25,98810800,4314880000,11
110063,2018-5-14,67.82,69.23,63.19,66.46,130220000,4408480000,11
110064,2018-5-13,64.76,69.30,63.15,67.76,105992000,4209410000,11
110065,2018-5-12,63.45,67.61,59.07,64.76,125551000,4124450000,11
110066,2018-5-11,69.96,70.41,61.45,63.40,177497000,4547400000,11
110067,2018-5-10,76.32,76.97,70.18,70.18,126392000,4960570000,11
110068,2018-5-9,77.12,77.21,72.90,76.33,120422000,5013070000,11
110069,2018-5-8,79.57,81.08,76.03,77.08,126518000,5172050000,11
110070,2018-5-7,83.59,83.59,76.50,79.29,157183000,5433500000,11
110071,2018-5-6,84.30,87.94,80.72,83.56,177590000,5479820000,11
110072,2018-5-5,84.31,86.07,84.16,84.36,128178000,5480030000,11
110073,2018-5-4,87.70,87.70,82.56,84.26,153112000,5700730000,11
110074,2018-5-3,84.92,89.68,83.86,87.82,226830000,5519480000,11
110075,2018-5-2,84.41,85.39,82.84,84.79,137844000,5486900000,11
110076,2018-5-1,84.37,84.86,79.32,84.64,180819000,5483980000,11
110077,2018-4-30,92.15,94.76,82.86,84.27,377385000,5990010000,11
110078,2018-4-29,76.59,92.52,76.59,91.07,502971000,4978030000,11
110079,2018-4-28,72.42,78.20,72.42,76.75,143123000,4707530000,11
110080,2018-4-27,77.02,77.31,72.67,72.67,133132000,5006040000,11
110081,2018-4-26,71.56,77.24,69.81,77.19,142338000,4651610000,11
110082,2018-4-25,82.49,82.58,69.03,71.38,232381000,5361910000,11
110083,2018-4-24,76.29,84.44,76.24,83.01,214076000,4958950000,11
110084,2018-4-23,73.65,77.80,73.65,76.22,129211000,4787280000,11
110085,2018-4-22,74.53,77.20,73.00,73.76,118189000,4844570000,11
110086,2018-4-21,79.10,79.62,71.16,74.99,172502000,5141750000,11
110087,2018-4-20,74.18,79.47,72.56,79.03,184821000,4821730000,11
110088,2018-4-19,72.55,74.79,70.96,74.13,172657000,4715590000,11
110089,2018-4-18,65.71,73.36,65.71,72.84,146354000,4271150000,11
110090,2018-4-17,67.01,69.85,65.66,65.75,104953000,4355820000,11
110091,2018-4-16,70.12,70.77,64.40,66.70,124354000,4557690000,11
110092,2018-4-15,64.33,70.33,64.33,70.33,126368000,4181560000,11
110093,2018-4-14,62.21,65.45,61.75,63.86,90798000,4043730000,11
110094,2018-4-13,66.66,68.10,61.56,62.21,177671000,4332710000,11
110095,2018-4-12,58.38,66.71,54.91,66.71,272689000,3794850000,11
110096,2018-4-11,52.58,59.46,52.32,58.54,178201000,3417620000,11
110097,2018-4-10,53.20,53.20,49.67,52.62,90631300,3458030000,11
110098,2018-4-9,49.37,56.66,49.37,52.93,267977000,3209100000,11
110099,2018-4-8,46.54,49.19,46.54,49.19,44671100,3025190000,11
110100,2018-4-7,44.91,47.81,44.83,46.42,49786600,2919100000,11
110101,2018-4-6,47.05,47.48,44.59,44.94,46850100,3058490000,11
110102,2018-4-5,47.46,47.85,45.85,47.20,63650600,3084660000,11
110103,2018-4-4,53.38,53.63,46.95,47.55,73956800,3469680000,11
110104,2018-4-3,48.98,54.13,48.63,53.64,84566300,3183760000,11
110105,2018-4-2,47.34,50.30,46.79,48.82,62854800,3077220000,11
110106,2018-4-1,50.34,50.59,45.30,47.30,73349000,3272060000,11
110107,2018-3-31,50.43,52.91,49.97,50.13,68031800,3278240000,11
110108,2018-3-30,51.85,53.58,49.10,50.31,114151000,3370350000,11
110109,2018-3-29,57.31,57.40,51.45,51.88,110023000,3724950000,11
110110,2018-3-28,55.34,60.12,55.34,57.24,81977500,3596940000,11
110111,2018-3-27,59.49,60.02,52.51,55.53,145189000,3866570000,11
110112,2018-3-26,65.40,65.94,55.92,59.74,144889000,4251170000,11
110113,2018-3-25,65.19,67.44,63.87,65.43,82989200,4237240000,11
110114,2018-3-24,69.07,70.24,65.73,65.73,102618000,4489330000,11
110115,2018-3-23,69.61,69.61,63.92,68.56,137021000,4524350000,11
110116,2018-3-22,72.81,75.07,66.92,69.64,152648000,4732380000,11
110117,2018-3-21,76.41,77.79,71.52,72.95,177773000,4966720000,11
110118,2018-3-20,73.85,79.56,67.59,76.03,255944000,4800040000,11
110119,2018-3-19,67.19,73.44,62.74,73.44,274503000,4367610000,11
110120,2018-3-18,61.18,66.70,49.39,65.50,249146000,3976490000,11
110121,2018-3-17,68.30,69.11,61.02,61.53,95221700,4439520000,11
110122,2018-3-16,69.66,71.49,65.91,68.25,114395000,4527870000,11
110123,2018-3-15,71.83,72.95,65.49,69.57,173336000,4669040000,11
110124,2018-3-14,83.42,85.03,69.10,71.67,146277000,5422360000,11
110125,2018-3-13,85.57,88.39,82.19,83.38,118017000,5562220000,11
110126,2018-3-12,91.49,92.98,84.26,85.91,125997000,5947140000,11
110127,2018-3-11,85.44,92.49,82.31,91.19,120665000,5553470000,11
110128,2018-3-10,93.32,94.43,85.52,85.58,123154000,6065720000,11
110129,2018-3-9,91.70,93.78,80.85,92.67,216976000,5960480000,11
110130,2018-3-8,100.53,102.14,90.87,91.57,158917000,6534770000,11
110131,2018-3-7,105.38,113.65,91.03,100.44,297579000,6849680000,11
110132,2018-3-6,112.27,114.94,103.56,105.11,203770000,7297530000,11
110133,2018-3-5,120.12,120.12,111.76,113.02,212735000,7808080000,11
110134,2018-3-4,121.83,125.13,115.99,119.36,177840000,7919120000,11
110135,2018-3-3,124.26,128.06,121.54,122.14,132602000,8076610000,11
110136,2018-3-2,129.95,130.30,122.59,124.24,148930000,8446710000,11
110137,2018-3-1,133.65,136.15,126.57,129.05,282388000,8687140000,11
110138,2018-2-28,142.38,144.62,132.06,133.24,315822000,9254660000,11
110139,2018-2-27,134.84,146.34,132.92,142.50,427505000,8764490000,11
110140,2018-2-26,118.91,137.10,117.91,134.17,292700000,7729170000,11
110141,2018-2-25,118.29,120.00,114.56,118.46,114914000,7689080000,11
110142,2018-2-24,121.42,126.89,114.41,118.57,157950000,7892470000,11
110143,2018-2-23,113.39,123.85,110.86,121.65,189394000,7370080000,11
110144,2018-2-22,120.62,126.93,111.89,114.08,193746000,7840040000,11
110145,2018-2-21,127.67,130.21,118.08,120.96,207330000,8298400000,11
110146,2018-2-20,137.95,142.01,127.86,128.36,239238000,8966490000,11
110147,2018-2-19,127.23,138.52,126.70,137.47,201551000,8270290000,11
110148,2018-2-18,136.40,137.95,124.32,127.38,207624000,8866100000,11
110149,2018-2-17,131.03,139.80,129.42,136.75,286385000,8516620000,11
110150,2018-2-16,123.02,130.62,119.94,128.85,194878000,7996380000,11
110151,2018-2-15,122.00,125.76,118.79,123.29,218616000,7930300000,11
110152,2018-2-14,110.86,123.03,110.86,122.52,228693000,7206140000,11
110153,2018-2-13,113.64,114.93,108.64,111.17,176966000,7386420000,11
110154,2018-2-12,104.18,115.85,104.18,113.25,272089000,6771600000,11
110155,2018-2-11,110.45,113.19,96.78,103.40,257944000,7179000000,11
110156,2018-2-10,117.21,122.84,104.98,110.63,355323000,7618880000,11
110157,2018-2-9,111.99,117.65,108.84,117.57,212450000,7279310000,11
110158,2018-2-8,104.06,117.00,104.06,112.43,546733000,6763560000,11
110159,2018-2-7,105.13,118.50,94.94,102.50,571724000,6833700000,11
110160,2018-2-6,84.07,109.21,64.88,105.95,659946000,5464510000,11
110161,2018-2-5,107.58,108.97,75.75,82.37,312096000,6992380000,11
110162,2018-2-4,122.22,124.01,102.03,107.45,203674000,7943970000,11
110163,2018-2-3,121.03,127.28,106.91,122.97,255707000,7867210000,11
110164,2018-2-2,125.64,129.19,91.96,120.13,552639000,8166710000,11
110165,2018-2-1,145.96,147.16,115.27,126.00,356495000,9487200000,11
110166,2018-1-31,145.40,148.18,133.32,145.76,357309000,9451090000,11
110167,2018-1-30,168.86,173.75,140.13,146.28,670295000,10976100000,11
110168,2018-1-29,152.08,168.14,151.46,168.14,602514000,9885260000,11
110169,2018-1-28,140.37,153.61,140.37,152.16,246175000,9124100000,11
110170,2018-1-27,138.14,142.07,134.35,140.20,207868000,8979150000,11
110171,2018-1-26,137.75,141.13,126.53,137.89,324067000,8953600000,11
110172,2018-1-25,138.09,146.94,134.58,138.00,315010000,8976150000,11
110173,2018-1-24,122.57,144.12,118.15,136.41,433360000,7966980000,11
110174,2018-1-23,123.37,129.71,110.18,121.60,263389000,8018770000,11
110175,2018-1-22,132.30,137.78,112.38,123.66,346611000,8599480000,11
110176,2018-1-21,150.23,150.23,126.20,131.09,346048000,9764800000,11
110177,2018-1-20,140.49,157.19,138.65,149.94,501671000,9132020000,11
110178,2018-1-19,141.25,150.15,132.97,139.50,494800000,9181130000,11
110179,2018-1-18,142.60,159.49,129.85,142.66,838634000,9269200000,11
110180,2018-1-17,144.72,154.29,94.57,141.37,1587920000,9407150000,11
110181,2018-1-16,187.97,187.97,104.29,145.30,1664430000,12217900000,11
110182,2018-1-15,170.10,196.85,147.40,187.41,1455620000,11056500000,11
110183,2018-1-14,140.56,176.83,135.92,170.42,648694000,9136460000,11
110184,2018-1-13,124.15,146.51,124.15,140.62,455703000,8069500000,11
110185,2018-1-12,109.19,126.55,105.25,124.47,234757000,7097050000,11
110186,2018-1-11,123.10,124.33,102.66,108.30,270718000,8001780000,11
110187,2018-1-10,127.23,127.26,111.05,122.99,361797000,8270280000,11
110188,2018-1-9,102.07,129.87,101.84,126.94,529663000,6634310000,11
110189,2018-1-8,102.12,108.60,90.68,102.38,231395000,6638000000,11
110190,2018-1-7,101.12,108.52,99.20,102.43,196621000,6572870000,11
110191,2018-1-6,95.31,103.13,91.90,100.86,187746000,6195060000,11
110192,2018-1-5,98.91,106.24,89.58,95.28,292933000,6429220000,11
110193,2018-1-4,104.79,109.20,96.24,99.11,332546000,6811420000,11
110194,2018-1-3,90.30,105.56,86.89,105.56,288086000,5869250000,11
110195,2018-1-2,78.53,97.01,78.53,90.33,373377000,5104180000,11
110196,2018-1-1,76.19,80.69,72.72,78.82,142094000,4952450000,11
110197,2017-12-31,72.56,78.01,67.69,75.96,181357000,4716090000,11
110198,2017-12-30,74.18,74.54,63.02,72.40,202377000,4821840000,11
110199,2017-12-29,65.70,74.82,63.14,73.90,163331000,4270520000,11
110200,2017-12-28,66.76,66.94,58.22,65.43,135592000,4339530000,11
110201,2017-12-27,65.53,70.29,62.88,66.88,153715000,4259210000,11
110202,2017-12-26,66.61,68.80,61.86,65.52,195466000,4329390000,11
110203,2017-12-25,60.27,68.37,58.39,66.32,170538000,3917400000,11
110204,2017-12-24,59.32,59.97,51.84,59.70,160158000,3855900000,11
110205,2017-12-23,56.32,67.75,56.32,58.90,146282000,3660710000,11
110206,2017-12-22,71.54,72.28,43.39,55.57,297579000,4650220000,11
110207,2017-12-21,76.12,79.04,67.49,71.37,225272000,4948010000,11
110208,2017-12-20,71.31,77.50,63.10,75.62,305912000,4634920000,11
110209,2017-12-19,77.19,82.10,66.59,70.81,290083000,5017420000,11
110210,2017-12-18,68.45,81.06,63.96,77.22,437849000,4449540000,11
110211,2017-12-17,49.74,71.72,49.74,68.11,500799000,3233120000,11
110212,2017-12-16,48.14,52.26,46.93,49.81,164723000,3129270000,11
110213,2017-12-15,50.54,51.24,43.13,47.99,204065000,3285020000,11
110214,2017-12-14,44.90,53.65,44.40,50.62,313147000,2918700000,11
110215,2017-12-13,40.73,49.07,37.49,44.81,294500000,2647620000,11
110216,2017-12-12,36.22,41.28,35.32,40.41,132796000,2354370000,11
110217,2017-12-11,33.32,36.57,33.32,35.88,77323800,2165750000,11
110218,2017-12-10,35.79,35.79,32.51,33.31,72133600,2326550000,11
110219,2017-12-9,35.96,38.98,34.87,35.71,93255300,2337250000,11
110220,2017-12-8,34.84,37.38,32.36,36.27,125450000,2264560000,11
110221,2017-12-7,35.04,37.26,33.31,34.86,125301000,2277340000,11
110222,2017-12-6,38.75,38.85,34.40,35.16,118745000,2518460000,11
110223,2017-12-5,41.99,42.79,38.82,38.82,101480000,2729160000,11
110224,2017-12-4,36.65,43.00,36.62,42.17,160430000,2382160000,11
110225,2017-12-3,35.09,39.52,35.03,36.62,79801700,2281180000,11
110226,2017-12-2,35.84,36.61,34.51,35.07,48991700,2329690000,11
110227,2017-12-1,32.89,36.23,31.36,35.84,89359700,2137790000,11
110228,2017-11-30,32.54,34.98,30.09,32.96,78895100,2115360000,11
110229,2017-11-29,37.99,39.44,31.23,32.28,137123000,2469340000,11
110230,2017-11-28,40.13,40.13,37.47,38.08,80129000,2608660000,11
110231,2017-11-27,38.32,41.91,38.32,40.13,83345900,2491020000,11
110232,2017-11-26,38.04,39.20,37.49,38.44,61597700,2472680000,11
110233,2017-11-25,34.83,39.86,34.60,38.13,125113000,2263690000,11
110234,2017-11-24,34.89,35.70,33.46,34.79,68977700,2267940000,11
110235,2017-11-23,35.83,36.29,34.50,34.90,68917800,2329200000,11
110236,2017-11-22,34.45,36.98,34.45,35.86,82378800,2239040000,11
110237,2017-11-21,36.21,37.16,33.38,34.36,133333000,2353570000,11
110238,2017-11-20,39.94,43.14,35.64,35.64,243906000,2596080000,11
110239,2017-11-19,43.01,45.45,36.66,39.75,273035000,2795440000,11
110240,2017-11-18,39.74,48.09,36.28,42.74,434827000,2583010000,11
110241,2017-11-17,28.71,41.08,28.36,40.50,252834000,1866360000,11
110242,2017-11-16,29.45,29.93,28.48,28.70,40895700,1913970000,11
110243,2017-11-15,29.79,30.59,28.26,29.35,45103700,1936170000,11
110244,2017-11-14,28.40,29.96,28.10,29.73,39436300,1845750000,11
110245,2017-11-13,27.12,28.97,26.59,28.40,41299400,1762620000,11
110246,2017-11-12,28.44,28.45,25.31,26.96,63588200,1848580000,11
110247,2017-11-11,28.15,29.93,27.40,28.53,45994100,1829610000,11
110248,2017-11-10,31.97,32.44,26.74,28.18,57756900,2078110000,11
110249,2017-11-9,30.76,33.02,30.58,31.90,79919300,1999530000,11
110250,2017-11-8,26.17,33.81,26.02,30.67,120273000,1700950000,11
110251,2017-11-7,26.26,26.52,25.62,26.23,40146900,1706600000,11
110252,2017-11-6,26.47,26.81,25.95,26.32,26798400,1720760000,11
110253,2017-11-5,26.48,26.72,25.79,26.38,25229700,1721090000,11
110254,2017-11-4,26.77,27.74,25.94,26.49,31870600,1739980000,11
110255,2017-11-3,24.60,26.90,24.39,26.82,40142100,1598960000,11
110256,2017-11-2,26.75,26.75,22.89,24.50,74455200,1738720000,11
110257,2017-11-1,28.38,28.44,26.68,26.86,49782800,1844740000,11
110258,2017-10-31,28.69,30.44,28.47,28.47,61688400,1864890000,11
110259,2017-10-30,27.72,29.49,27.71,28.79,30968500,1801620000,11
110260,2017-10-29,27.20,28.61,27.20,27.76,29736500,1360230000,11
110261,2017-10-28,28.86,28.99,27.17,27.35,25368200,1443000000,11
110262,2017-10-27,28.33,28.88,28.10,28.76,28919000,1416350000,11
110263,2017-10-26,28.48,29.39,28.06,28.33,35987900,1423950000,11
110264,2017-10-25,30.11,30.11,28.54,28.54,35558400,1505590000,11
110265,2017-10-24,27.34,32.72,26.73,30.15,78225600,1367240000,11
110266,2017-10-23,28.49,28.65,26.43,27.51,28154800,1424610000,11
110267,2017-10-22,27.15,29.48,27.10,28.79,36184100,1357500000,11
110268,2017-10-21,27.76,28.28,26.04,27.13,34058900,1387840000,11
110269,2017-10-20,28.68,29.50,27.73,27.75,36933700,1433880000,11
110270,2017-10-19,29.66,29.96,28.48,28.66,30401400,1482970000,11
110271,2017-10-18,31.66,31.78,28.44,29.67,49659700,1583190000,11
110272,2017-10-17,28.50,32.55,27.81,31.40,74210000,1425090000,11
110273,2017-10-16,27.76,29.07,26.96,28.53,34713200,1388080000,11
110274,2017-10-15,27.65,28.47,26.91,27.73,31189200,1382450000,11
110275,2017-10-14,29.32,29.45,27.65,27.80,33551100,1465980000,11
110276,2017-10-13,27.85,29.87,26.45,29.35,81365000,1392660000,11
110277,2017-10-12,30.01,30.36,27.61,28.18,61080400,1500520000,11
110278,2017-10-11,29.30,31.23,29.30,29.96,33627700,1464940000,11
110279,2017-10-10,29.15,31.20,28.07,29.31,48223600,1457270000,11
110280,2017-10-9,32.04,32.79,26.78,29.10,98290300,1601800000,11
110281,2017-10-8,35.64,37.23,31.01,32.07,107725000,1781810000,11
110282,2017-10-7,33.54,36.15,33.30,36.14,48058800,1677000000,11
110283,2017-10-6,32.50,34.32,32.23,33.52,47267100,1625060000,11
110284,2017-10-5,31.21,33.31,28.98,32.28,66785000,1560680000,11
110285,2017-10-4,33.79,35.03,30.09,31.16,60565900,1689390000,11
110286,2017-10-3,36.65,36.79,32.01,33.61,74199600,1832530000,11
110287,2017-10-2,35.70,39.01,34.90,36.74,116098000,1785160000,11
110288,2017-10-1,34.12,35.83,31.82,35.72,72169500,1705880000,11
110289,2017-9-30,28.59,34.24,28.45,34.21,82181600,1429500000,11
110290,2017-9-29,30.25,30.41,26.13,28.64,72558300,1512530000,11
110291,2017-9-28,31.78,32.69,27.68,29.76,101195000,1589170000,11
110292,2017-9-27,26.32,34.03,26.32,31.79,163163000,1316040000,11
110293,2017-9-26,26.12,27.30,24.46,26.38,65868600,1305990000,11
110294,2017-9-25,19.80,27.08,19.80,26.02,81225500,989892000,11
110295,2017-9-24,20.17,20.43,19.28,19.79,11967200,1008660000,11
110296,2017-9-23,18.58,20.59,18.30,20.18,17216800,929086000,11
110297,2017-9-22,17.39,19.32,16.98,18.69,22480200,869657000,11
110298,2017-9-21,19.65,19.82,16.75,17.45,21587400,982515000,11
110299,2017-9-20,19.90,20.47,19.69,19.75,14058200,995012000,11
110300,2017-9-19,20.99,21.71,19.04,19.94,30451900,1049420000,11
110301,2017-9-18,19.91,21.38,19.54,21.22,27647600,995579000,11
110302,2017-9-17,20.64,20.64,18.36,19.86,18695100,1031920000,11
110303,2017-9-16,18.75,22.98,18.50,20.76,50210000,937288000,11
110304,2017-9-15,15.81,19.12,13.32,18.74,50811700,790612000,11
110305,2017-9-14,20.08,20.75,14.95,15.69,42221500,1004180000,11
110306,2017-9-13,20.83,21.29,17.80,20.06,37258400,1041450000,11
110307,2017-9-12,21.87,23.60,19.86,20.97,40702300,1093590000,11
110308,2017-9-11,22.68,23.97,21.70,21.88,27835300,1133790000,11
110309,2017-9-10,21.76,23.64,19.37,22.75,54002500,1088180000,11
110310,2017-9-9,24.63,24.63,21.55,21.96,47199500,1231580000,11
110311,2017-9-8,30.59,30.59,22.41,24.86,112252000,1529630000,11
110312,2017-9-7,21.30,33.55,20.54,30.78,214001000,1065110000,11
110313,2017-9-6,22.97,24.32,20.30,21.36,77746300,1148320000,11
110314,2017-9-5,21.88,23.85,18.93,22.80,91402300,1093860000,11
110315,2017-9-4,30.44,30.44,17.40,21.83,189917000,1522090000,11
110316,2017-9-3,31.77,32.65,28.58,30.32,43232300,1588690000,11
110317,2017-9-2,31.69,34.81,28.55,31.72,92722600,1584390000,11
110318,2017-9-1,33.17,33.57,28.87,32.01,75418900,1658680000,11
110319,2017-8-31,32.93,35.09,32.60,33.16,49957300,1646720000,11
110320,2017-8-30,33.48,35.84,29.71,33.10,97289600,1673910000,11
110321,2017-8-29,38.46,38.46,30.69,33.66,168534000,1922840000,11
110322,2017-8-28,40.23,40.31,37.38,38.45,41401000,2011600000,11
110323,2017-8-27,38.58,41.23,37.42,40.09,50649600,1928770000,11
110324,2017-8-26,40.31,40.52,37.70,38.59,41017800,2015360000,11
110325,2017-8-25,41.96,42.26,39.78,40.30,47772200,2098230000,11
110326,2017-8-24,39.92,42.13,39.31,42.05,63875500,1996230000,11
110327,2017-8-23,35.83,44.03,35.25,40.00,131763000,1791670000,11
110328,2017-8-22,35.16,36.17,31.60,35.85,68265300,1758180000,11
110329,2017-8-21,38.04,38.28,34.15,35.30,85955000,1902060000,11
110330,2017-8-20,39.63,40.65,38.16,38.19,85862200,1981640000,11
110331,2017-8-19,38.86,42.22,35.40,39.97,168358000,1943180000,11
110332,2017-8-18,40.85,41.16,31.32,38.85,209845000,2042450000,11
110333,2017-8-17,45.72,46.34,38.91,40.69,191410000,2286130000,11
110334,2017-8-16,46.98,51.24,44.69,45.54,170273000,2349050000,11
110335,2017-8-15,47.50,47.99,39.52,47.49,262801000,2375010000,11
110336,2017-8-14,47.63,52.02,44.79,47.43,343705000,2381360000,11
110337,2017-8-13,36.86,52.63,35.32,46.65,448654000,1843040000,11
110338,2017-8-12,33.16,37.37,30.45,36.61,177772000,1657810000,11
110339,2017-8-11,36.32,39.13,27.58,33.50,382070000,1815780000,11
110340,2017-8-10,21.68,38.44,21.36,36.18,360125000,1084180000,11
110341,2017-8-9,18.34,21.94,17.46,21.75,116795000,917009000,11
110342,2017-8-8,18.73,19.34,15.59,18.27,124589000,936705000,11
110343,2017-8-7,15.20,20.24,14.36,18.68,166514000,759959000,11
110344,2017-8-6,14.17,16.19,13.42,15.21,81450800,708471000,11
110345,2017-8-5,10.39,14.95,10.24,14.02,82680400,519506000,11
110346,2017-8-4,10.84,11.22,9.97,10.43,56285500,541832000,11
110347,2017-8-3,8.19,10.70,8.06,10.67,49848800,409434000,11
110348,2017-8-2,7.85,8.30,7.71,8.11,17559000,392732000,11
110349,2017-8-1,7.36,8.20,6.96,7.86,18527900,368123000,11
110350,2017-7-31,7.16,7.43,7.02,7.33,10856600,358222000,11
110351,2017-7-30,7.27,7.30,6.94,7.15,9006030,363345000,11
110352,2017-7-29,7.09,7.46,6.76,7.26,10518400,354258000,11
110353,2017-7-28,7.75,7.88,6.93,7.09,15725800,387410000,11
110354,2017-7-27,7.22,7.94,7.13,7.72,15251100,360772000,11
110355,2017-7-26,7.33,7.59,6.58,7.17,16765600,366562000,11
110356,2017-7-25,8.48,8.48,6.88,7.35,19480400,423876000,11
110357,2017-7-24,8.61,8.81,8.19,8.46,21283700,430471000,11
110358,2017-7-23,8.64,8.93,7.76,8.57,29915100,431881000,11
110359,2017-7-22,7.39,9.12,7.31,8.62,32890800,369727000,11
110360,2017-7-21,7.24,7.97,7.03,7.42,21298000,361826000,11
110361,2017-7-20,5.89,7.47,5.89,7.21,25476100,294317000,11
110362,2017-7-19,6.04,6.23,5.65,5.88,14255500,301935000,11
110363,2017-7-18,5.77,6.29,5.51,6.02,18101700,288470000,11
110364,2017-7-17,5.06,5.85,5.03,5.77,15013000,253054000,11
110365,2017-7-16,5.03,5.27,4.83,5.04,9498420,251399000,11
110366,2017-7-15,5.55,5.55,4.98,5.03,11294200,277400000,11
110367,2017-7-14,6.27,6.29,5.42,5.54,12351000,313433000,11
110368,2017-7-13,6.68,6.95,5.91,6.29,17824000,334240000,11
110369,2017-7-12,5.31,6.69,5.07,6.63,23337300,265564000,11
110370,2017-7-11,5.93,6.11,4.83,5.40,20182900,296309000,11
110371,2017-7-10,6.91,6.96,5.58,6.03,11395300,345719000,11
110372,2017-7-9,7.40,7.62,6.87,6.90,10422500,370072000,11
110373,2017-7-8,6.79,7.63,5.91,7.45,24138500,339382000,11
110374,2017-7-7,7.83,7.89,6.74,6.77,16409500,391569000,11
110375,2017-7-6,7.98,8.34,7.69,7.84,17932500,399093000,11
110376,2017-7-5,7.77,8.66,7.23,8.03,29368100,388453000,11
110377,2017-7-4,8.22,8.49,7.77,7.78,15781600,410831000,11
110378,2017-7-3,8.06,8.48,7.52,8.22,28820400,402786000,11
110379,2017-7-2,7.96,8.51,6.75,8.10,47478700,397988000,11
110380,2017-7-1,8.77,9.24,7.74,7.95,33128400,438293000,11
110381,2017-6-30,9.72,10.00,8.60,8.73,43355500,485988000,11
110382,2017-6-29,8.34,10.07,7.91,9.77,77050000,416970000,11
110383,2017-6-28,6.96,8.69,6.49,8.38,72982300,347826000,11
110384,2017-6-27,5.35,7.26,5.09,6.83,71029700,267538000,11
110385,2017-6-26,5.95,6.22,4.42,5.53,27615900,297587000,11
110386,2017-6-25,6.29,6.46,5.66,5.95,24890900,314543000,11
110387,2017-6-24,6.87,7.11,6.25,6.30,33359500,343738000,11
110388,2017-6-23,6.92,7.43,5.78,6.84,67033300,346025000,11
110389,2017-6-22,10.16,10.51,6.90,6.94,115249000,507921000,11
110390,2017-6-21,8.04,10.21,7.81,10.15,88374400,401956000,11
110391,2017-6-20,11.79,11.79,7.87,8.00,126661000,589390000,11
110392,2017-6-19,5.46,11.81,5.46,11.72,281341000,273011000,11
110393,2017-6-18,3.79,5.26,3.47,5.26,61381000,189717000,11
110394,2017-6-17,2.80,4.18,2.70,3.76,82601000,139894000,11
110395,2017-6-16,1.80,2.81,1.72,2.77,45782200,90202000,11
110396,2017-6-15,1.74,1.84,1.54,1.78,9550940,86947000,11
110397,2017-6-14,1.81,1.94,1.68,1.74,10497200,90657000,11
110398,2017-6-13,1.50,1.86,1.50,1.81,10456500,75221500,11
110399,2017-6-12,1.67,1.69,1.40,1.51,7492490,83716000,11
110400,2017-6-11,1.69,1.73,1.52,1.67,6479410,84426000,11
110401,2017-6-10,1.54,2.07,1.53,1.68,17295300,77129000,11
110402,2017-6-9,1.36,1.59,1.33,1.55,9728020,67874000,11
110403,2017-6-8,1.27,1.36,1.19,1.36,7118290,63677000,11
110404,2017-6-7,1.34,1.36,1.27,1.28,2994510,66929500,11
110405,2017-6-6,1.28,1.37,1.20,1.34,5234170,63757000,11
110406,2017-6-5,1.27,1.35,1.25,1.28,3876920,63267500,11
110407,2017-6-4,1.25,1.32,1.22,1.26,2572220,62425500,11
110408,2017-6-3,1.36,1.36,1.15,1.26,4049740,68122000,11
110409,2017-6-2,1.25,1.40,1.18,1.35,7157890,62290500,11
110410,2017-6-1,1.03,1.30,1.01,1.24,8061920,51383000,11
110411,2017-5-31,1.02,1.08,0.966531,1.03,3001020,51167000,11
110412,2017-5-30,0.975403,1.13,0.970573,1.02,5393720,48770200,11
110413,2017-5-29,0.921727,0.974728,0.873447,0.966765,2171000,46086400,11
110414,2017-5-28,0.989557,1.07,0.814832,0.930106,5133830,49477900,11
110415,2017-5-27,0.806824,1.03,0.598245,0.982348,7025920,40341200,11
110416,2017-5-26,1.11,1.22,0.694110,0.826549,6847940,55293000,11
110417,2017-5-25,1.74,1.74,1.01,1.11,12458000,87149500,11
110418,2017-5-24,0.878954,1.90,0.863444,1.76,22900400,43947700,11
110419,2017-5-23,0.721726,0.901805,0.695115,0.877157,3858760,36086300,11
110420,2017-5-22,0.682007,0.742591,0.669175,0.720486,2331300,34100400,11
110421,2017-5-21,0.665434,0.744667,0.618864,0.664141,2621930,33271700,11
110422,2017-5-20,0.638148,0.671513,0.612225,0.665485,1476170,31907400,11
110423,2017-5-19,0.539752,0.682251,0.539752,0.631860,1884600,26987600,11
110424,2017-5-18,0.533423,0.552265,0.514519,0.539481,1201540,26671200,11
110425,2017-5-17,0.464285,0.531643,0.454101,0.531643,1328670,23214200,11
110426,2017-5-16,0.474567,0.474567,0.452551,0.463667,637204,23728400,11
110427,2017-5-15,0.477364,0.493300,0.454150,0.470057,897219,23868200,11
110428,2017-5-14,0.483372,0.490861,0.473253,0.477543,501693,24168600,11
110429,2017-5-13,0.487873,0.491284,0.451528,0.484544,616908,24393600,11
110430,2017-5-12,0.480874,0.508175,0.469682,0.487684,548028,24043700,11
110431,2017-5-11,0.504314,0.520573,0.431391,0.481077,953152,25215700,11
110432,2017-5-10,0.449260,0.541055,0.449260,0.503894,843243,22463000,11
110433,2017-5-9,0.496131,0.501255,0.407576,0.449370,1076450,24806600,11
110434,2017-5-8,0.530300,0.542761,0.486931,0.496572,1025750,26515000,11
110435,2017-5-7,0.585263,0.591143,0.516306,0.535792,1249060,29263200,11
110436,2017-5-6,0.572854,0.590350,0.537649,0.587670,1341720,28642700,11
110437,2017-5-5,0.493833,0.576426,0.470129,0.576426,2660100,24691600,11
110438,2017-5-4,0.345096,0.500403,0.334537,0.500309,2317450,17254800,11
110439,2017-5-3,0.314746,0.348589,0.309078,0.343782,758237,15737300,11
110440,2017-5-2,0.319147,0.326074,0.280153,0.314833,588824,15957400,11
110441,2017-5-1,0.361689,0.361689,0.269563,0.318838,1142050,18084400,11
110442,2017-4-30,0.271731,0.362409,0.268994,0.360099,1631520,13586500,11
110443,2017-4-29,0.229612,0.290570,0.221128,0.271729,960013,11480600,11
110444,2017-4-28,0.202194,0.229271,0.201420,0.229255,473689,10109700,11
110445,2017-4-27,0.184394,0.208510,0.181833,0.202092,327972,9219700,11
110446,2017-4-26,0.183475,0.188085,0.179909,0.184577,185400,9173750,11
110447,2017-4-25,0.173606,0.184094,0.166802,0.183504,241805,8680300,11
110448,2017-4-24,0.177077,0.177153,0.163354,0.173758,262706,8853850,11
110449,2017-4-23,0.180684,0.185985,0.169937,0.174960,175678,9034200,11
110450,2017-4-22,0.178943,0.188524,0.173304,0.183058,288119,8947150,11
110451,2017-4-21,0.184685,0.185694,0.174442,0.178122,263127,9234250,11
110452,2017-4-20,0.189534,0.191015,0.178645,0.184725,222525,9476700,11
110453,2017-4-19,0.180622,0.190709,0.178089,0.189408,297302,9031100,11
110454,2017-4-18,0.191910,0.192224,0.176355,0.180479,348694,9595500,11
110455,2017-4-17,0.191583,0.192535,0.179468,0.191489,331308,9579150,11
110456,2017-4-16,0.193672,0.195650,0.188923,0.192076,167886,9683600,11
110457,2017-4-15,0.192991,0.194574,0.190452,0.192164,76566,9649550,11
110458,2017-4-14,0.191540,0.193960,0.190495,0.192958,103138,9577000,11
110459,2017-4-13,0.193966,0.196013,0.190089,0.191686,147722,9698300,11
110460,2017-4-12,0.198357,0.200199,0.191723,0.195553,192252,9917850,11
110461,2017-4-11,0.209023,0.211772,0.189697,0.197826,257457,10451200,11
110462,2017-4-10,0.188842,0.220733,0.186149,0.207874,208420,9442100,11
110463,2017-4-9,0.189679,0.191026,0.186312,0.188861,97362,9483950,11
110464,2017-4-8,0.189456,0.193674,0.188398,0.190221,54654,9472800,11
110465,2017-4-7,0.187871,0.192661,0.184796,0.188531,81618,9393550,11
110466,2017-4-6,0.184767,0.190455,0.184234,0.186430,82505,9238350,11
110467,2017-4-5,0.185082,0.192548,0.182758,0.184719,102043,9254100,11
110468,2017-4-4,0.199874,0.202591,0.181038,0.185002,148096,9993700,11
110469,2017-4-3,0.205808,0.205959,0.196132,0.199703,104805,10290400,11
110470,2017-4-2,0.203584,0.206776,0.200261,0.205480,102369,10179200,11
110471,2017-4-1,0.203606,0.206153,0.194440,0.205017,109993,10180300,11
110472,2017-3-31,0.210236,0.213953,0.196505,0.203541,291529,10511800,11
110473,2017-3-30,0.212468,0.221930,0.206085,0.210556,504940,10623400,11
110474,2017-3-29,0.220650,0.225506,0.205719,0.212428,335567,11032500,11
110475,2017-3-28,0.186277,0.235749,0.180596,0.220632,821674,9313850,11
110476,2017-3-27,0.161165,0.191642,0.160717,0.186426,201563,8058250,11
110477,2017-3-26,0.167267,0.175043,0.158772,0.160384,37656,8363350,11
110478,2017-3-25,0.166941,0.167388,0.157475,0.167305,47641,8347050,11
110479,2017-3-24,0.166412,0.178022,0.159289,0.166465,52184,8320600,11
110480,2017-3-23,0.173183,0.176421,0.156976,0.166412,38169,8659150,11
110481,2017-3-22,0.164951,0.179551,0.159475,0.173143,157814,8247550,11
110482,2017-3-21,0.153972,0.167727,0.150715,0.164934,234287,7698600,11
110483,2017-3-20,0.157444,0.162542,0.149597,0.153898,68539,7872200,11
110484,2017-3-19,0.159019,0.163016,0.149322,0.157560,68673,7950950,11
110485,2017-3-18,0.140006,0.172281,0.140006,0.158987,188985,7000300,11
110486,2017-3-17,0.131324,0.166127,0.122856,0.139902,63413,6566200,11
110487,2017-3-16,0.128773,0.136685,0.125514,0.131867,20678,6438650,11
110488,2017-3-15,0.133699,0.140774,0.128158,0.128653,16169,6684950,11
110489,2017-3-14,0.136986,0.137204,0.127028,0.133681,23746,6849300,11
110490,2017-3-13,0.140799,0.140823,0.127288,0.136979,23196,7039950,11
110491,2017-3-12,0.142217,0.143570,0.131473,0.140575,36588,7110850,11
110492,2017-3-11,0.131403,0.142793,0.129965,0.142142,32281,6570150,11
110493,2017-3-10,0.132107,0.141972,0.120088,0.131476,34319,6605350,11
110494,2017-3-9,0.116266,0.140766,0.114151,0.132026,21035,5813300,11
110495,2017-3-8,0.122602,0.128715,0.116242,0.116242,5536,6130100,11
110496,2017-3-7,0.123459,0.123531,0.116952,0.122573,8291,6172950,11
110497,2017-3-6,0.121782,0.124417,0.118414,0.123450,10659,6089100,11
110498,2017-3-5,0.119821,0.123680,0.116513,0.121757,4192,5991050,11
110499,2017-3-4,0.122602,0.125583,0.117666,0.119901,6235,6130100,11
110500,2017-3-3,0.119272,0.124929,0.118119,0.122444,9499,5963600,11
110501,2017-3-2,0.135408,0.135475,0.115596,0.119301,8963,6770400,11
110502,2017-3-1,0.117455,0.135197,0.113717,0.135197,12914,5872750,11
110503,2017-2-28,0.115442,0.118271,0.113307,0.117443,19659,5772100,11
110504,2017-2-27,0.115234,0.118632,0.109630,0.115376,8960,5761700,11
110505,2017-2-26,0.114553,0.115582,0.104331,0.114986,8433,5727650,11
110506,2017-2-25,0.120864,0.121660,0.110955,0.114526,9339,6043200,11
110507,2017-2-24,0.119243,0.136124,0.086475,0.121185,17386,5962150,11
110508,2017-2-23,0.121958,0.122226,0.114699,0.118724,6304,6097900,11
110509,2017-2-22,0.124515,0.124515,0.115683,0.121959,6903,6225750,11
110510,2017-2-21,0.121400,0.127322,0.114101,0.121561,14370,6070000,11
110511,2017-2-20,0.123001,0.127204,0.116679,0.121475,10971,6150050,11
110512,2017-2-19,0.124522,0.124827,0.117671,0.122905,4321,6226100,11
110513,2017-2-18,0.122901,0.130873,0.119005,0.124431,13458,6145050,11
110514,2017-2-17,0.125972,0.130485,0.115022,0.122661,28259,6298600,11
110515,2017-2-16,0.112739,0.126088,0.112574,0.126088,10795,5636950,11
110516,2017-2-15,0.116744,0.120698,0.111437,0.112729,5690,5837200,11
110517,2017-2-14,0.118339,0.121985,0.114384,0.116603,6788,5916950,11
110518,2017-2-13,0.121530,0.137720,0.118105,0.118286,6977,6076500,11
110519,2017-2-12,0.125493,0.137479,0.117401,0.121566,3330,6274650,11
110520,2017-2-11,0.125788,0.127159,0.122483,0.125607,743,6289400,11
110521,2017-2-10,0.127540,0.131710,0.117976,0.125761,2605,6377000,11
110522,2017-2-9,0.129684,0.132791,0.118249,0.127476,10870,6484200,11
110523,2017-2-8,0.133244,0.134031,0.121542,0.129568,8268,6662200,11
110524,2017-2-7,0.126972,0.136817,0.126972,0.133135,5302,6348600,11
110525,2017-2-6,0.131717,0.138723,0.125146,0.126788,10498,6585850,11
110526,2017-2-5,0.135944,0.143104,0.128306,0.131582,2685,6797200,11
110527,2017-2-4,0.134385,0.147454,0.132960,0.135867,10217,6719250,11
110528,2017-2-3,0.145650,0.145650,0.132985,0.134264,9702,7282500,11
110529,2017-2-2,0.147206,0.147974,0.134287,0.145699,2973,7360300,11
110530,2017-2-1,0.147034,0.150287,0.140878,0.147218,4496,7351700,11
110531,2017-1-31,0.153713,0.153791,0.144326,0.147016,17416,7685650,11
110532,2017-1-30,0.141147,0.153760,0.140489,0.153760,9285,7057350,11
110533,2017-1-29,0.138097,0.141860,0.132053,0.141204,11695,6904850,11
110534,2017-1-28,0.130334,0.137387,0.125774,0.134674,7066,6516700,11
110535,2017-1-27,0.129894,0.135296,0.128775,0.130343,9238,6494700,11
110536,2017-1-26,0.124319,0.135711,0.120759,0.133612,7694,6215950,11
110537,2017-1-25,0.120212,0.129256,0.115434,0.124216,6427,6010600,11
110538,2017-1-24,0.128569,0.128569,0.113295,0.120213,7139,6428450,11
110539,2017-1-23,0.114416,0.130461,0.111428,0.129948,7175,5720800,11
110540,2017-1-22,0.116306,0.119379,0.109804,0.114313,6468,5815300,11
110541,2017-1-21,0.117955,0.127853,0.114241,0.116309,15335,5897750,11
110542,2017-1-20,0.116596,0.124276,0.111754,0.117809,16255,5829800,11
110543,2017-1-19,0.123035,0.123948,0.116102,0.116619,14984,6151750,11
110544,2017-1-18,0.116816,0.123035,0.115687,0.123035,7457,5840800,11
110545,2017-1-17,0.119675,0.122525,0.114662,0.116638,7960,5983750,11
110546,2017-1-16,0.123730,0.123958,0.118628,0.119649,5112,6186500,11
110547,2017-1-15,0.122904,0.132022,0.117124,0.123732,6954,6145200,11
110548,2017-1-14,0.121337,0.123940,0.116299,0.122939,9262,6066850,11
110549,2017-1-13,0.124106,0.124342,0.113803,0.121321,50365,6205300,11
110550,2017-1-12,0.115137,0.124128,0.109263,0.124122,59945,5756850,11
110551,2017-1-11,0.133970,0.134950,0.112802,0.115138,120522,6698500,11
110552,2017-1-10,0.123761,0.139550,0.123113,0.133864,126915,6188050,11
110553,2017-1-9,0.132630,0.133670,0.117667,0.123767,90000,6631500,11
110554,2017-1-8,0.128325,0.134773,0.127755,0.132609,69033,6416250,11
110555,2017-1-7,0.135505,0.135759,0.125106,0.131104,53818,6775250,11
110556,2017-1-6,0.131087,0.139018,0.131087,0.135472,54666,6554350,11
110557,2017-1-5,0.136797,0.143977,0.126582,0.131070,206224,6839850,11
110558,2017-1-4,0.140294,0.142834,0.134433,0.136734,94045,7014700,11
110559,2017-1-3,0.145645,0.147282,0.139653,0.140422,90544,7282250,11
110560,2017-1-2,0.141841,0.147746,0.141841,0.145642,75921,7092050,11
110561,2017-1-1,0.144763,0.147274,0.139742,0.141841,63512,7238150,11
110562,2016-12-31,0.147526,0.148837,0.142705,0.144763,61000,7376300,11
110563,2016-12-30,0.143599,0.148070,0.136893,0.147527,69464,7179950,11
110564,2016-12-29,0.150688,0.151915,0.140106,0.140950,100992,7534400,11
110565,2016-12-28,0.158032,0.162041,0.145990,0.150689,118030,7901600,11
110566,2016-12-27,0.166600,0.177395,0.153932,0.158032,265268,8330000,11
110567,2016-12-26,0.146785,0.182563,0.141148,0.166597,579250,7339250,11
110568,2016-12-25,0.144213,0.153788,0.141296,0.146788,239670,7210650,11
110569,2016-12-24,0.139545,0.151804,0.136822,0.146916,132934,6977250,11
110570,2016-12-23,0.155059,0.157925,0.131227,0.137593,187645,7752950,11
110571,2016-12-22,0.166441,0.184986,0.147481,0.155065,544880,8322050,11
110572,2016-12-21,0.120868,0.168983,0.118599,0.167117,635204,6043400,11
110573,2016-12-20,0.121536,0.124127,0.115108,0.120868,73913,6076800,11
110574,2016-12-19,0.115260,0.121812,0.106848,0.121387,55326,5763000,11
110575,2016-12-18,0.105842,0.117273,0.101063,0.115260,37746,5292100,11
110576,2016-12-17,0.114445,0.115568,0.101740,0.105842,62650,5722250,11
110577,2016-12-16,0.109869,0.118707,0.109327,0.114432,49515,5493450,11
110578,2016-12-15,0.121012,0.123902,0.109819,0.109837,38086,6050600,11
110579,2016-12-14,0.127930,0.127930,0.120364,0.121008,50948,6396500,11
110580,2016-12-13,0.133035,0.136888,0.125618,0.127959,30845,6651750,11
110581,2016-12-12,0.122082,0.140238,0.122082,0.129977,57019,6104100,11
110582,2016-12-11,0.125352,0.128221,0.120730,0.122134,41967,6267600,11
110583,2016-12-10,0.130952,0.132206,0.124770,0.125328,37027,6547600,11
110584,2016-12-9,0.134409,0.136923,0.129699,0.130070,54783,6720450,11
110585,2016-12-8,0.137448,0.138971,0.134429,0.134429,31065,6872400,11
110586,2016-12-7,0.136196,0.142794,0.134726,0.137450,51152,6809800,11
110587,2016-12-6,0.138960,0.141810,0.135703,0.136097,54376,6948000,11
110588,2016-12-5,0.147270,0.147270,0.138194,0.141459,71656,7363500,11
110589,2016-12-4,0.142444,0.157052,0.142444,0.147170,109462,7122200,11
110590,2016-12-3,0.141987,0.144054,0.136455,0.142444,121437,7099350,11
110591,2016-12-2,0.140119,0.145737,0.138452,0.141991,69742,7005950,11
110592,2016-12-1,0.144522,0.144846,0.138559,0.140114,62769,7226100,11
110593,2016-11-30,0.149963,0.150848,0.140499,0.144636,63418,7498150,11
110594,2016-11-29,0.167861,0.167909,0.141612,0.149953,121979,8393050,11
110595,2016-11-28,0.173073,0.175046,0.166608,0.167994,92873,8653650,11
110596,2016-11-27,0.174134,0.179557,0.173007,0.173050,34618,8706700,11
110597,2016-11-26,0.174608,0.185637,0.173892,0.174141,53456,8730400,11
110598,2016-11-25,0.171903,0.191663,0.171885,0.174514,148809,8595150,11
110599,2016-11-24,0.167006,0.186579,0.165703,0.171955,252878,8350300,11
110600,2016-11-23,0.168883,0.172495,0.166940,0.167085,18866,8444150,11
110601,2016-11-22,0.173474,0.174220,0.167397,0.168892,30457,8673700,11
110602,2016-11-21,0.171000,0.174966,0.169408,0.173476,13977,8550000,11
110603,2016-11-20,0.169929,0.171309,0.161549,0.170999,6888,8496450,11
110604,2016-11-19,0.172135,0.176490,0.168427,0.169928,20977,8606750,11
110605,2016-11-18,0.173267,0.196769,0.169420,0.172177,170258,8663350,11
110606,2016-11-17,0.162654,0.177109,0.162560,0.173280,115600,8132700,11
110607,2016-11-16,0.173875,0.177754,0.153992,0.162529,52767,8693750,11
110608,2016-11-15,0.183863,0.183864,0.172835,0.173875,58217,9193150,11
110609,2016-11-14,0.170347,0.196291,0.168508,0.183786,161342,8517350,11
110610,2016-11-13,0.168699,0.172853,0.163703,0.169917,47661,8434950,11
110611,2016-11-12,0.172603,0.179612,0.166288,0.168695,38920,8630150,11
110612,2016-11-11,0.168293,0.181036,0.165815,0.176226,92296,8414650,11
110613,2016-11-10,0.159342,0.179854,0.154536,0.168272,226859,7967100,11
110614,2016-11-9,0.161599,0.166946,0.156541,0.159859,51101,8079950,11
110615,2016-11-8,0.173073,0.173376,0.160523,0.161594,64487,8653650,11
110616,2016-11-7,0.163957,0.174019,0.143322,0.173087,264007,8197850,11
110617,2016-11-6,0.160800,0.168170,0.156750,0.164002,52679,8040000,11
110618,2016-11-5,0.175934,0.181375,0.156657,0.160797,165265,8796700,11
110619,2016-11-4,0.173574,0.183584,0.168351,0.175917,123337,8678700,11
110620,2016-11-3,0.197962,0.198170,0.155788,0.173534,265799,9898100,11
110621,2016-11-2,0.214646,0.219169,0.191732,0.197941,242163,10732300,11
110622,2016-11-1,0.228232,0.239149,0.204285,0.211322,411699,11411600,11
110623,2016-10-31,0.181610,0.229291,0.177568,0.228251,917488,9080500,11
110624,2016-10-30,0.172946,0.183820,0.170264,0.181026,377793,8647300,11
110625,2016-10-29,0.151237,0.176248,0.151237,0.170166,714101,7561850,11
110626,2016-10-28,0.127447,0.159842,0.123780,0.151552,545958,6372350,11
110627,2016-10-27,0.129608,0.140409,0.124055,0.127426,169528,6480400,11
110628,2016-10-26,0.135700,0.169630,0.121312,0.129615,494772,6785000,11
110629,2016-10-25,0.093621,0.322439,0.092699,0.135712,365986,-,11
110630,2016-10-24,0.081000,0.100103,0.076476,0.093762,522611,-,11
110631,2016-10-23,0.081487,0.085211,0.076681,0.082726,107073,-,11
110632,2016-10-22,0.080197,0.096001,0.080013,0.081484,293121,-,11
110633,2016-10-21,0.092487,0.093918,0.072287,0.080181,269793,-,11
110634,2016-10-20,0.117083,0.117172,0.085342,0.092682,286750,-,11
110635,2016-10-19,0.197446,0.205554,0.111325,0.117084,228476,-,11
110636,2016-10-18,0.192736,0.289527,0.179325,0.197440,406917,-,11
110637,2016-10-17,0.175871,0.192747,0.175284,0.192747,12989,-,11
110638,2016-10-16,0.179883,0.190690,0.175885,0.175901,16019,-,11
110639,2016-10-15,0.191007,0.191007,0.179885,0.179885,596,-,11
110640,2016-10-14,0.185400,0.191090,0.176211,0.191014,2335,-,11
110641,2016-10-13,0.186072,0.186072,0.175498,0.185407,1318,-,11
110642,2016-10-12,0.193611,0.193611,0.175684,0.186052,12201,-,11
110643,2016-10-11,0.193114,0.195352,0.181615,0.193575,5949,-,11
110644,2016-10-10,0.186466,0.202517,0.180081,0.193108,11204,-,11
110645,2016-10-9,0.205045,0.205045,0.178857,0.186541,30052,-,11
110646,2016-10-8,0.202812,0.223037,0.185864,0.205229,31830,-,11
110647,2016-10-7,0.179898,0.202840,0.179898,0.202840,5785,-,11
110648,2016-10-6,0.289361,0.291334,0.180059,0.180059,2612,-,11
110649,2016-10-5,0.185765,0.289548,0.179917,0.289392,1864,-,11
110650,2016-10-4,0.178659,0.185843,0.178659,0.185843,506,-,11
110651,2016-10-3,0.177613,0.192425,0.177613,0.178713,913,-,11
110652,2016-10-2,0.202302,0.202303,0.177092,0.177279,4178,-,11
110653,2016-10-1,0.184979,0.216455,0.184979,0.202293,2748,-,11
110654,2016-9-30,0.191685,0.194601,0.180176,0.184939,2032,-,11
110655,2016-9-29,0.194845,0.208155,0.175516,0.191738,11050,-,11
110656,2016-9-28,0.197915,0.212750,0.184495,0.194798,6354,-,11
110657,2016-9-27,0.202473,0.202473,0.179976,0.197913,19806,-,11
110658,2016-9-26,0.199118,0.224506,0.193879,0.202491,9657,-,11
110659,2016-9-25,0.213843,0.224547,0.192797,0.198994,3075,-,11
110660,2016-9-24,0.243321,0.254850,0.213843,0.213843,21740,-,11
110661,2016-9-23,0.252745,0.277371,0.241462,0.243237,16845,-,11
110662,2016-9-22,0.303806,0.308768,0.252592,0.252723,54002,-,11
110663,2016-9-21,0.312539,0.318675,0.303564,0.303794,156,-,11
110664,2016-9-20,0.331291,0.336507,0.309502,0.312621,1171,-,11
110665,2016-9-19,0.384877,0.384881,0.331207,0.331296,1448,-,11
110666,2016-9-18,0.426591,0.427137,0.384916,0.384916,105159,-,11
110667,2016-9-17,0.388924,0.427314,0.388896,0.426568,21060,-,11
110668,2016-9-16,0.349726,0.389464,0.348948,0.388858,15105,-,11
110669,2016-9-15,0.325188,0.365124,0.325024,0.349832,1982,-,11
110670,2016-9-14,0.309516,0.337779,0.306223,0.325127,4129,-,11
110671,2016-9-13,0.374469,0.375092,0.301766,0.309509,3337,-,11
110672,2016-9-12,0.376312,0.376671,0.360443,0.374598,1116,-,11
110673,2016-9-11,0.390948,0.398459,0.372790,0.376150,879,-,11
110674,2016-9-10,0.558536,0.559143,0.370960,0.391001,811,-,11
110675,2016-9-9,0.181483,0.558951,0.181357,0.558478,1349,-,11
